record_id,irrigation_treatment,phenological_stage,replication
1,T1,Main,1.0
2,T2,Main,1.0
3,T3,Main,1.0
4,T4,Main,1.0
5,T5,Main,1.0
6,T6,Main,1.0
7,T7,Main,1.0
8,T8,Main,1.0
9,T9,Main,1.0
10,T10,Main,1.0
11,T11,Main,1.0
12,T12,Main,1.0
13,T1,I1,1.0
14,T2,I1,1.0
15,T3,I1,1.0
16,T4,I1,1.0
17,T5,I1,1.0
18,T6,I1,1.0
19,T7,I1,1.0
20,T8,I1,1.0
21,T9,I1,1.0
22,T10,I1,1.0
23,T11,I1,1.0
24,T12,I1,1.0
25,T1,I2,1.0
26,T2,I2,1.0
27,T3,I2,1.0
28,T4,I2,1.0
29,T5,I2,1.0
30,T6,I2,1.0
31,T7,I2,1.0
32,T8,I2,1.0
33,T9,I2,1.0
34,T10,I2,1.0
35,T11,I2,1.0
36,T12,I2,1.0
37,T13,I3,2.0
38,T1,I3,2.0
39,T2,I3,2.0
40,T3,I3,2.0
41,T4,I3,2.0
42,T5,I3,2.0
43,T6,I3,2.0
44,T7,I3,2.0
45,T8,I3,2.0
46,T9,I3,2.0
47,T10,I3,2.0
48,T11,I3,2.0
49,T13,I1,2.0
50,T1,I1,2.0
51,T2,I1,2.0
52,T3,I1,2.0
53,T4,I1,2.0
54,T5,I1,2.0
55,T6,I1,2.0
56,T7,I1,2.0
57,T8,I1,2.0
58,T9,I1,2.0
59,T10,I1,2.0
60,T11,I1,2.0
61,T13,I2,2.0
62,T1,I2,2.0
63,T2,I2,2.0
64,T3,I2,2.0
65,T4,I2,2.0
66,T5,I2,2.0
67,T6,I2,2.0
68,T7,I2,2.0
69,T8,I2,2.0
70,T9,I2,2.0
71,T10,I2,2.0
72,T11,I2,2.0
73,T12,I3,3.0
74,T13,I3,3.0
75,T1,I3,3.0
76,T2,I3,3.0
77,T3,I3,3.0
78,T4,I3,3.0
79,T5,I3,3.0
80,T6,I3,3.0
81,T7,I3,3.0
82,T8,I3,3.0
83,T9,I3,3.0
84,T10,I3,3.0
85,T12,I1,3.0
86,T13,I1,3.0
87,T1,I1,3.0
88,T2,I1,3.0
89,T3,I1,3.0
90,T4,I1,3.0
91,T5,I1,3.0
92,T6,I1,3.0
93,T7,I1,3.0
94,T8,I1,3.0
95,T9,I1,3.0
96,T10,I1,3.0
97,T12,I2,3.0
98,T13,I2,3.0
99,T1,I2,3.0
100,T2,I2,3.0
101,T3,I2,3.0
102,T4,I2,3.0
103,T5,I2,3.0
104,T6,I2,3.0
105,T7,I2,3.0
106,T8,I2,3.0
107,T9,I2,3.0
108,T10,I2,3.0
109,T11,I3,nan
110,T12,I3,nan
111,T13,I3,nan
112,T1,,1.0
113,T2,,1.0
114,T3,,1.0
115,T4,,1.0
116,T5,,1.0
117,T6,,1.0
118,T7,,1.0
119,T8,,1.0
120,T9,,1.0
121,T10,,1.0
122,T11,,1.0
123,T12,,1.0
124,T1,I1,1.0
125,T2,I1,1.0
126,T3,I1,1.0
127,T4,I1,1.0
128,T5,I1,1.0
129,T6,I1,1.0
130,T7,I1,1.0
131,T8,I1,1.0
132,T9,I1,1.0
133,T10,I1,1.0
134,T11,I1,1.0
135,T12,I1,1.0
136,T1,I2,1.0
137,T2,I2,1.0
138,T3,I2,1.0
139,T4,I2,1.0
140,T5,I2,1.0
141,T6,I2,1.0
142,T7,I2,1.0
143,T8,I2,1.0
144,T9,I2,1.0
145,T10,I2,1.0
146,T11,I2,1.0
147,T12,I2,1.0
148,T13,I3,2.0
149,T1,I3,2.0
150,T2,I3,2.0
151,T3,I3,2.0
152,T4,I3,2.0
153,T5,I3,2.0
154,T6,I3,2.0
155,T7,I3,2.0
156,T8,I3,2.0
157,T9,I3,2.0
158,T10,I3,2.0
159,T11,I3,2.0
160,T13,I1,2.0
161,T1,I1,2.0
162,T2,I1,2.0
163,T3,I1,2.0
164,T4,I1,2.0
165,T5,I1,2.0
166,T6,I1,2.0
167,T7,I1,2.0
168,T8,I1,2.0
169,T9,I1,2.0
170,T10,I1,2.0
171,T11,I1,2.0
172,T13,I2,2.0
173,T1,I2,2.0
174,T2,I2,2.0
175,T3,I2,2.0
176,T4,I2,2.0
177,T5,I2,2.0
178,T6,I2,2.0
179,T7,I2,2.0
180,T8,I2,2.0
181,T9,I2,2.0
182,T10,I2,2.0
183,T11,I2,2.0
184,T12,I3,3.0
185,T13,I3,3.0
186,T1,I3,3.0
187,T2,I3,3.0
188,T3,I3,3.0
189,T4,I3,3.0
190,T5,I3,3.0
191,T6,I3,3.0
192,T7,I3,3.0
193,T8,I3,3.0
194,T9,I3,3.0
195,T10,I3,3.0
196,T12,I1,3.0
197,T13,I1,3.0
198,T1,I1,3.0
199,T2,I1,3.0
200,T3,I1,3.0
201,T4,I1,3.0
202,T5,I1,3.0
203,T6,I1,3.0
204,T7,I1,3.0
205,T8,I1,3.0
206,T9,I1,3.0
207,T10,I1,3.0
208,T12,I2,3.0
209,T13,I2,3.0
210,T1,I2,3.0
211,T2,I2,3.0
212,T3,I2,3.0
213,T4,I2,3.0
214,T5,I2,3.0
215,T6,I2,3.0
216,T7,I2,3.0
217,T8,I2,3.0
218,T9,I2,3.0
219,T10,I2,3.0
220,T11,I3,nan
221,T12,I3,nan
222,T13,I3,nan
223,T11,I1,nan
224,T12,I1,nan
225,T13,I1,nan
226,T11,I2,nan
227,T12,I2,nan
228,T13,I2,nan
229,T11,I3,nan
230,T12,I3,nan
231,T13,I3,nan
232,T11,I1,nan
233,T12,I1,nan
234,T13,I1,nan
235,T11,I2,nan
236,T12,I2,nan
237,T13,I2,nan
238,T11,I3,nan
239,T12,I3,nan
240,T13,I3,nan
241,T11,I1,nan
242,T12,I1,nan
243,T13,I1,nan
244,T11,I2,nan
245,T12,I2,nan
246,T13,I2,nan
247,T11,I3,nan
248,T12,I3,nan
249,T13,I3,nan
250,T11,I1,nan
251,T12,I1,nan
252,T13,I1,nan
253,T11,I2,nan
254,T12,I2,nan
255,T13,I2,nan
256,T11,I3,nan
257,T12,I3,nan
258,T13,I3,nan
259,T11,I1,nan
260,T12,I1,nan
261,T13,I1,nan
262,T11,I2,nan
263,T12,I2,nan
264,T13,I2,nan
265,T11,I3,nan
266,T12,I3,nan
267,T13,I3,nan
268,T11,I1,nan
269,T12,I1,nan
270,T13,I1,nan
271,T11,I2,nan
272,T12,I2,nan
273,T13,I2,nan
274,T11,I3,nan
275,T12,I3,nan
276,T13,I3,nan
277,T11,I1,nan
278,T12,I1,nan
279,T13,I1,nan
280,T11,I2,nan
281,T12,I2,nan
282,T13,I2,nan
283,T11,I3,nan
284,T12,I3,nan
285,T13,I3,nan
286,T11,I1,nan
287,T12,I1,nan
288,T13,I1,nan
289,T11,I2,nan
290,T12,I2,nan
291,T13,I2,nan
292,T11,I3,nan
293,T12,I3,nan
294,T13,I3,nan
295,T11,I1,nan
296,T12,I1,nan
297,T13,I1,nan
298,T11,I2,nan
299,T12,I2,nan
300,T13,I2,nan
301,T11,I3,nan
302,T12,I3,nan
303,T13,I3,nan
304,T11,I1,nan
305,T12,I1,nan
306,T13,I1,nan
307,T11,I2,nan
308,T12,I2,nan
309,T13,I2,nan
310,T11,I3,nan
311,T12,I3,nan
312,T13,I3,nan
313,T11,I1,nan
314,T12,I1,nan
315,T13,I1,nan
316,T11,I2,nan
317,T12,I2,nan
318,T13,I2,nan
319,T11,I3,nan
320,T12,I3,nan
321,T13,I3,nan
322,T11,I1,nan
323,T12,I1,nan
324,T13,I1,nan
325,T11,I2,nan
326,T12,I2,nan
327,T13,I2,nan
328,T11,I3,nan
329,T12,I3,nan
330,T13,I3,nan
331,T11,,nan
332,T12,,nan
333,T13,,nan
334,T11,I1,nan
335,T12,I1,nan
336,T13,I1,nan
337,T11,I2,nan
338,T12,I2,nan
339,T13,I2,nan
340,T11,I3,nan
341,T12,I3,nan
342,T13,I3,nan
343,T11,I1,nan
344,T12,I1,nan
345,T13,I1,nan
346,T11,I2,nan
347,T12,I2,nan
348,T13,I2,nan
349,T11,I3,nan
350,T12,I3,nan
351,T13,I3,nan
352,T11,I1,nan
353,T12,I1,nan
354,T13,I1,nan
355,T11,I2,nan
356,T12,I2,nan
357,T13,I2,nan
358,T11,I3,nan
359,T12,I3,nan
360,T13,I3,nan
361,T11,I1,nan
362,T12,I1,nan
363,T13,I1,nan
364,T11,I2,nan
365,T12,I2,nan
366,T13,I2,nan
367,T11,I3,nan
368,T12,I3,nan
369,T13,I3,nan
370,T11,I1,nan
371,T12,I1,nan
372,T13,I1,nan
373,T11,I2,nan
374,T12,I2,nan
375,T13,I2,nan
376,T11,I3,nan
377,T12,I3,nan
378,T13,I3,nan
379,T11,I1,nan
380,T12,I1,nan
381,T13,I1,nan
382,T11,I2,nan
383,T12,I2,nan
384,T13,I2,nan
385,T11,I3,nan
386,T12,I3,nan
387,T13,I3,nan
388,T11,,nan
389,T12,,nan
390,T13,,nan
391,T11,,nan
392,T12,,nan
393,T13,,nan
394,T11,,nan
395,T12,,nan
396,T13,,nan
397,T11,,nan
398,T12,,nan
399,T13,,nan
400,T11,,nan
401,T12,,nan
402,T13,,nan
403,T11,,nan
404,T12,,nan
405,T13,,nan
406,T11,,nan
407,T12,,nan
408,T13,,nan
409,T11,,nan
410,T12,,nan
411,T13,,nan
412,T11,,nan
413,T12,,nan
414,T13,,nan
415,T11,,nan
416,T12,,nan
417,T13,,nan
418,T11,,nan
419,T12,,nan
420,T13,,nan
421,T11,,nan
422,T12,,nan
423,T13,,nan
424,T11,,nan
425,T12,,nan
426,T13,,nan
427,T11,,nan
428,T12,,nan
429,T13,,nan
430,T11,,nan
431,T12,,nan
432,T13,,nan
433,T11,,nan
434,T12,,nan
435,T13,,nan
436,T11,,nan
437,T12,,nan
438,T13,,nan
439,T11,,nan
440,T12,,nan
441,T13,,nan
442,T11,,nan
443,T12,,nan
444,T13,,nan
445,T11,,nan
446,T12,,nan
447,T13,,nan
448,T11,,nan
449,T12,,nan
450,T13,,nan
451,T11,,nan
452,T12,,nan
453,T13,,nan
454,T11,,nan
455,T12,,nan
456,T13,,nan
457,T11,,nan
458,T12,,nan
459,T13,,nan
460,T11,,nan
461,T12,,nan
462,T13,,nan
463,T11,,nan
464,T12,,nan
465,T13,,nan
466,T11,,nan
467,T12,,nan
468,T13,,nan
469,T11,,nan
470,T12,,nan
471,T13,,nan
472,T11,,nan
473,T12,,nan
474,T13,,nan
475,T11,,nan
476,T12,,nan
477,T13,,nan
478,T11,,nan
479,T12,,nan
480,T13,,nan
481,T11,,nan
482,T12,,nan
483,T13,,nan
484,T11,,nan
485,T12,,nan
486,T13,,nan
487,T11,,nan
488,T12,,nan
489,T13,,nan
490,T11,,nan
491,T12,,nan
492,T13,,nan
493,T11,,nan
494,T12,,nan
495,T13,,nan
496,T11,,nan
497,T12,,nan
498,T13,,nan
499,T11,,nan
500,T12,,nan
501,T13,,nan
502,T11,,nan
503,T12,,nan
504,T13,,nan
505,T11,,nan
506,T12,,nan
507,T13,,nan
508,T11,,nan
509,T12,,nan
510,T13,,nan
511,T11,,nan
512,T12,,nan
513,T13,,nan
514,T11,,nan
515,T12,,nan
516,T13,,nan
517,T11,,nan
518,T12,,nan
519,T13,,nan
520,T11,,nan
521,T12,,nan
522,T13,,nan
