record_id,Unnamed: 0_data1,Main_data1,Sub_data1,Interval,Replication,Unnamed: 5,Unnamed: 6,Main.1,Sub.1,Intervals,Rep,Unnamed: 11,Stage 3,Unnamed: 13,Unnamed: 14,Unnamed: 15,Unnamed: 16,Stage 4,Unnamed: 19,Unnamed: 20,Unnamed: 21,Unnamed: 22,Unnamed: 0_data2,Unnamed: 1,Unnamed: 2,Unnamed: 3,Main_data2,Sub_data2,Unnamed: 8,Treat,Rep.1,Unnamed: 12
1,Stage1,I1,S1,1.0,1.0,32.3,Stage 2,I1,S2,3.0,1.0,38.7,Main,Sub,Interval,Replication,,Main,Sub,Interval,Replication,,,R1,R2,R3,I1,S1,80.9,T1,1,80.9
2,Stage1,I1,S1,1.0,1.0,32.3,Stage 2,I1,S2,3.0,1.0,38.7,Main,Sub,Interval,Replication,,Main,Sub,Interval,Replication,,T1,80.9,80.2,80.3,I1,S2,80.4,T2,1,80.4
3,Stage1,I1,S1,1.0,1.0,32.3,Stage 2,I1,S2,3.0,1.0,38.7,Main,Sub,Interval,Replication,,Main,Sub,Interval,Replication,,T2,80.4,80,79.6,I1,S3,78.9,T3,1,78.9
4,Stage1,I1,S1,1.0,1.0,32.3,Stage 2,I1,S2,3.0,1.0,38.7,Main,Sub,Interval,Replication,,Main,Sub,Interval,Replication,,T3,78.9,79.2,80.7,I1,S4,81.4,T4,1,81.4
5,Stage1,I1,S1,1.0,1.0,32.3,Stage 2,I1,S2,3.0,1.0,38.7,Main,Sub,Interval,Replication,,Main,Sub,Interval,Replication,,T4,81.4,82.3,82.5,I2,S1,75.4,T5,1,75.4
6,Stage1,I1,S1,1.0,1.0,32.3,Stage 2,I1,S2,3.0,1.0,38.7,Main,Sub,Interval,Replication,,Main,Sub,Interval,Replication,,T5,75.4,76.2,75.5,I2,S2,75.2,T6,1,75.2
7,Stage1,I1,S1,1.0,1.0,32.3,Stage 2,I1,S2,3.0,1.0,38.7,Main,Sub,Interval,Replication,,Main,Sub,Interval,Replication,,T6,75.2,74.8,75,I2,S3,76.2,T7,1,76.2
8,Stage1,I1,S1,1.0,1.0,32.3,Stage 2,I1,S2,3.0,1.0,38.7,Main,Sub,Interval,Replication,,Main,Sub,Interval,Replication,,T7,76.2,77.1,76.5,I2,S4,75.3,T8,1,75.3
9,Stage1,I1,S1,1.0,1.0,32.3,Stage 2,I1,S2,3.0,1.0,38.7,Main,Sub,Interval,Replication,,Main,Sub,Interval,Replication,,T8,75.3,74.4,75.4,I3,S1,72.3,T9,1,72.3
10,Stage1,I1,S1,1.0,1.0,32.3,Stage 2,I1,S2,3.0,1.0,38.7,Main,Sub,Interval,Replication,,Main,Sub,Interval,Replication,,T9,72.3,70.6,69.4,I3,S2,70.2,T10,1,70.2
11,Stage1,I1,S1,1.0,1.0,32.3,Stage 2,I1,S2,3.0,1.0,38.7,Main,Sub,Interval,Replication,,Main,Sub,Interval,Replication,,T10,70.2,69.9,70.3,I3,S3,67.2,T11,1,67.2
12,Stage1,I1,S1,1.0,1.0,32.3,Stage 2,I1,S2,3.0,1.0,38.7,Main,Sub,Interval,Replication,,Main,Sub,Interval,Replication,,T11,67.2,67.3,68.4,I3,S4,68.0,T12,1,68.0
13,,I2,S1,1.0,1.0,34.5,,I2,S2,3.0,1.0,38.6,I1,S3,1,1,38.2,I1,S4,9,1,39.4,,R1,R2,R3,I1,S1,80.9,T1,1,80.9
14,,I2,S1,1.0,1.0,34.5,,I2,S2,3.0,1.0,38.6,I1,S3,1,1,38.2,I1,S4,9,1,39.4,T1,80.9,80.2,80.3,I1,S2,80.4,T2,1,80.4
15,,I2,S1,1.0,1.0,34.5,,I2,S2,3.0,1.0,38.6,I1,S3,1,1,38.2,I1,S4,9,1,39.4,T2,80.4,80,79.6,I1,S3,78.9,T3,1,78.9
16,,I2,S1,1.0,1.0,34.5,,I2,S2,3.0,1.0,38.6,I1,S3,1,1,38.2,I1,S4,9,1,39.4,T3,78.9,79.2,80.7,I1,S4,81.4,T4,1,81.4
17,,I2,S1,1.0,1.0,34.5,,I2,S2,3.0,1.0,38.6,I1,S3,1,1,38.2,I1,S4,9,1,39.4,T4,81.4,82.3,82.5,I2,S1,75.4,T5,1,75.4
18,,I2,S1,1.0,1.0,34.5,,I2,S2,3.0,1.0,38.6,I1,S3,1,1,38.2,I1,S4,9,1,39.4,T5,75.4,76.2,75.5,I2,S2,75.2,T6,1,75.2
19,,I2,S1,1.0,1.0,34.5,,I2,S2,3.0,1.0,38.6,I1,S3,1,1,38.2,I1,S4,9,1,39.4,T6,75.2,74.8,75,I2,S3,76.2,T7,1,76.2
20,,I2,S1,1.0,1.0,34.5,,I2,S2,3.0,1.0,38.6,I1,S3,1,1,38.2,I1,S4,9,1,39.4,T7,76.2,77.1,76.5,I2,S4,75.3,T8,1,75.3
21,,I2,S1,1.0,1.0,34.5,,I2,S2,3.0,1.0,38.6,I1,S3,1,1,38.2,I1,S4,9,1,39.4,T8,75.3,74.4,75.4,I3,S1,72.3,T9,1,72.3
22,,I2,S1,1.0,1.0,34.5,,I2,S2,3.0,1.0,38.6,I1,S3,1,1,38.2,I1,S4,9,1,39.4,T9,72.3,70.6,69.4,I3,S2,70.2,T10,1,70.2
23,,I2,S1,1.0,1.0,34.5,,I2,S2,3.0,1.0,38.6,I1,S3,1,1,38.2,I1,S4,9,1,39.4,T10,70.2,69.9,70.3,I3,S3,67.2,T11,1,67.2
24,,I2,S1,1.0,1.0,34.5,,I2,S2,3.0,1.0,38.6,I1,S3,1,1,38.2,I1,S4,9,1,39.4,T11,67.2,67.3,68.4,I3,S4,68.0,T12,1,68.0
25,,I3,S1,1.0,1.0,36.7,,I3,S2,3.0,1.0,42.1,I2,S3,1,1,36.8,I2,S4,9,1,41.2,,R1,R2,R3,I1,S1,80.9,T1,1,80.9
26,,I3,S1,1.0,1.0,36.7,,I3,S2,3.0,1.0,42.1,I2,S3,1,1,36.8,I2,S4,9,1,41.2,T1,80.9,80.2,80.3,I1,S2,80.4,T2,1,80.4
27,,I3,S1,1.0,1.0,36.7,,I3,S2,3.0,1.0,42.1,I2,S3,1,1,36.8,I2,S4,9,1,41.2,T2,80.4,80,79.6,I1,S3,78.9,T3,1,78.9
28,,I3,S1,1.0,1.0,36.7,,I3,S2,3.0,1.0,42.1,I2,S3,1,1,36.8,I2,S4,9,1,41.2,T3,78.9,79.2,80.7,I1,S4,81.4,T4,1,81.4
29,,I3,S1,1.0,1.0,36.7,,I3,S2,3.0,1.0,42.1,I2,S3,1,1,36.8,I2,S4,9,1,41.2,T4,81.4,82.3,82.5,I2,S1,75.4,T5,1,75.4
30,,I3,S1,1.0,1.0,36.7,,I3,S2,3.0,1.0,42.1,I2,S3,1,1,36.8,I2,S4,9,1,41.2,T5,75.4,76.2,75.5,I2,S2,75.2,T6,1,75.2
31,,I3,S1,1.0,1.0,36.7,,I3,S2,3.0,1.0,42.1,I2,S3,1,1,36.8,I2,S4,9,1,41.2,T6,75.2,74.8,75,I2,S3,76.2,T7,1,76.2
32,,I3,S1,1.0,1.0,36.7,,I3,S2,3.0,1.0,42.1,I2,S3,1,1,36.8,I2,S4,9,1,41.2,T7,76.2,77.1,76.5,I2,S4,75.3,T8,1,75.3
33,,I3,S1,1.0,1.0,36.7,,I3,S2,3.0,1.0,42.1,I2,S3,1,1,36.8,I2,S4,9,1,41.2,T8,75.3,74.4,75.4,I3,S1,72.3,T9,1,72.3
34,,I3,S1,1.0,1.0,36.7,,I3,S2,3.0,1.0,42.1,I2,S3,1,1,36.8,I2,S4,9,1,41.2,T9,72.3,70.6,69.4,I3,S2,70.2,T10,1,70.2
35,,I3,S1,1.0,1.0,36.7,,I3,S2,3.0,1.0,42.1,I2,S3,1,1,36.8,I2,S4,9,1,41.2,T10,70.2,69.9,70.3,I3,S3,67.2,T11,1,67.2
36,,I3,S1,1.0,1.0,36.7,,I3,S2,3.0,1.0,42.1,I2,S3,1,1,36.8,I2,S4,9,1,41.2,T11,67.2,67.3,68.4,I3,S4,68.0,T12,1,68.0
37,,I1,S1,1.0,2.0,31.4,,I1,S2,3.0,2.0,37.4,I3,S3,1,1,35.4,I3,S4,9,1,45.1,T12,68,68.2,67.9,I1,S1,80.2,T13,1,81.4
38,,I1,S1,1.0,2.0,31.4,,I1,S2,3.0,2.0,37.4,I3,S3,1,1,35.4,I3,S4,9,1,45.1,T13,81.4,81,80.4,I1,S2,80.0,T1,2,80.2
39,,I1,S1,1.0,2.0,31.4,,I1,S2,3.0,2.0,37.4,I3,S3,1,1,35.4,I3,S4,9,1,45.1,,,,,I1,S3,79.2,T2,2,80.0
40,,I1,S1,1.0,2.0,31.4,,I1,S2,3.0,2.0,37.4,I3,S3,1,1,35.4,I3,S4,9,1,45.1,,,,,I1,S4,82.3,T3,2,79.2
41,,I1,S1,1.0,2.0,31.4,,I1,S2,3.0,2.0,37.4,I3,S3,1,1,35.4,I3,S4,9,1,45.1,,,,,I2,S1,76.2,T4,2,82.3
42,,I1,S1,1.0,2.0,31.4,,I1,S2,3.0,2.0,37.4,I3,S3,1,1,35.4,I3,S4,9,1,45.1,,,,,I2,S2,74.8,T5,2,76.2
43,,I1,S1,1.0,2.0,31.4,,I1,S2,3.0,2.0,37.4,I3,S3,1,1,35.4,I3,S4,9,1,45.1,,,,,I2,S3,77.1,T6,2,74.8
44,,I1,S1,1.0,2.0,31.4,,I1,S2,3.0,2.0,37.4,I3,S3,1,1,35.4,I3,S4,9,1,45.1,,,,,I2,S4,74.4,T7,2,77.1
45,,I1,S1,1.0,2.0,31.4,,I1,S2,3.0,2.0,37.4,I3,S3,1,1,35.4,I3,S4,9,1,45.1,,,,,I3,S1,70.6,T8,2,74.4
46,,I1,S1,1.0,2.0,31.4,,I1,S2,3.0,2.0,37.4,I3,S3,1,1,35.4,I3,S4,9,1,45.1,,,,,I3,S2,69.9,T9,2,70.6
47,,I1,S1,1.0,2.0,31.4,,I1,S2,3.0,2.0,37.4,I3,S3,1,1,35.4,I3,S4,9,1,45.1,,,,,I3,S3,67.3,T10,2,69.9
48,,I1,S1,1.0,2.0,31.4,,I1,S2,3.0,2.0,37.4,I3,S3,1,1,35.4,I3,S4,9,1,45.1,,,,,I3,S4,68.2,T11,2,67.3
49,,I2,S1,1.0,2.0,33.5,,I2,S2,3.0,2.0,39.8,I1,S3,1,2,37.3,I1,S4,9,2,40.7,T12,68,68.2,67.9,I1,S1,80.2,T13,1,81.4
50,,I2,S1,1.0,2.0,33.5,,I2,S2,3.0,2.0,39.8,I1,S3,1,2,37.3,I1,S4,9,2,40.7,T13,81.4,81,80.4,I1,S2,80.0,T1,2,80.2
51,,I2,S1,1.0,2.0,33.5,,I2,S2,3.0,2.0,39.8,I1,S3,1,2,37.3,I1,S4,9,2,40.7,,,,,I1,S3,79.2,T2,2,80.0
52,,I2,S1,1.0,2.0,33.5,,I2,S2,3.0,2.0,39.8,I1,S3,1,2,37.3,I1,S4,9,2,40.7,,,,,I1,S4,82.3,T3,2,79.2
53,,I2,S1,1.0,2.0,33.5,,I2,S2,3.0,2.0,39.8,I1,S3,1,2,37.3,I1,S4,9,2,40.7,,,,,I2,S1,76.2,T4,2,82.3
54,,I2,S1,1.0,2.0,33.5,,I2,S2,3.0,2.0,39.8,I1,S3,1,2,37.3,I1,S4,9,2,40.7,,,,,I2,S2,74.8,T5,2,76.2
55,,I2,S1,1.0,2.0,33.5,,I2,S2,3.0,2.0,39.8,I1,S3,1,2,37.3,I1,S4,9,2,40.7,,,,,I2,S3,77.1,T6,2,74.8
56,,I2,S1,1.0,2.0,33.5,,I2,S2,3.0,2.0,39.8,I1,S3,1,2,37.3,I1,S4,9,2,40.7,,,,,I2,S4,74.4,T7,2,77.1
57,,I2,S1,1.0,2.0,33.5,,I2,S2,3.0,2.0,39.8,I1,S3,1,2,37.3,I1,S4,9,2,40.7,,,,,I3,S1,70.6,T8,2,74.4
58,,I2,S1,1.0,2.0,33.5,,I2,S2,3.0,2.0,39.8,I1,S3,1,2,37.3,I1,S4,9,2,40.7,,,,,I3,S2,69.9,T9,2,70.6
59,,I2,S1,1.0,2.0,33.5,,I2,S2,3.0,2.0,39.8,I1,S3,1,2,37.3,I1,S4,9,2,40.7,,,,,I3,S3,67.3,T10,2,69.9
60,,I2,S1,1.0,2.0,33.5,,I2,S2,3.0,2.0,39.8,I1,S3,1,2,37.3,I1,S4,9,2,40.7,,,,,I3,S4,68.2,T11,2,67.3
61,,I3,S1,1.0,2.0,36.7,,I3,S2,3.0,2.0,42.9,I2,S3,1,2,36.2,I2,S4,9,2,41.9,T12,68,68.2,67.9,I1,S1,80.2,T13,1,81.4
62,,I3,S1,1.0,2.0,36.7,,I3,S2,3.0,2.0,42.9,I2,S3,1,2,36.2,I2,S4,9,2,41.9,T13,81.4,81,80.4,I1,S2,80.0,T1,2,80.2
63,,I3,S1,1.0,2.0,36.7,,I3,S2,3.0,2.0,42.9,I2,S3,1,2,36.2,I2,S4,9,2,41.9,,,,,I1,S3,79.2,T2,2,80.0
64,,I3,S1,1.0,2.0,36.7,,I3,S2,3.0,2.0,42.9,I2,S3,1,2,36.2,I2,S4,9,2,41.9,,,,,I1,S4,82.3,T3,2,79.2
65,,I3,S1,1.0,2.0,36.7,,I3,S2,3.0,2.0,42.9,I2,S3,1,2,36.2,I2,S4,9,2,41.9,,,,,I2,S1,76.2,T4,2,82.3
66,,I3,S1,1.0,2.0,36.7,,I3,S2,3.0,2.0,42.9,I2,S3,1,2,36.2,I2,S4,9,2,41.9,,,,,I2,S2,74.8,T5,2,76.2
67,,I3,S1,1.0,2.0,36.7,,I3,S2,3.0,2.0,42.9,I2,S3,1,2,36.2,I2,S4,9,2,41.9,,,,,I2,S3,77.1,T6,2,74.8
68,,I3,S1,1.0,2.0,36.7,,I3,S2,3.0,2.0,42.9,I2,S3,1,2,36.2,I2,S4,9,2,41.9,,,,,I2,S4,74.4,T7,2,77.1
69,,I3,S1,1.0,2.0,36.7,,I3,S2,3.0,2.0,42.9,I2,S3,1,2,36.2,I2,S4,9,2,41.9,,,,,I3,S1,70.6,T8,2,74.4
70,,I3,S1,1.0,2.0,36.7,,I3,S2,3.0,2.0,42.9,I2,S3,1,2,36.2,I2,S4,9,2,41.9,,,,,I3,S2,69.9,T9,2,70.6
71,,I3,S1,1.0,2.0,36.7,,I3,S2,3.0,2.0,42.9,I2,S3,1,2,36.2,I2,S4,9,2,41.9,,,,,I3,S3,67.3,T10,2,69.9
72,,I3,S1,1.0,2.0,36.7,,I3,S2,3.0,2.0,42.9,I2,S3,1,2,36.2,I2,S4,9,2,41.9,,,,,I3,S4,68.2,T11,2,67.3
73,,I1,S1,1.0,3.0,32.8,,I1,S2,3.0,3.0,37.7,I3,S3,1,2,36.7,I3,S4,9,2,43.8,,,,,I1,S1,80.3,T12,2,68.2
74,,I1,S1,1.0,3.0,32.8,,I1,S2,3.0,3.0,37.7,I3,S3,1,2,36.7,I3,S4,9,2,43.8,,,,,I1,S2,79.6,T13,2,81.0
75,,I1,S1,1.0,3.0,32.8,,I1,S2,3.0,3.0,37.7,I3,S3,1,2,36.7,I3,S4,9,2,43.8,,,,,I1,S3,80.7,T1,3,80.3
76,,I1,S1,1.0,3.0,32.8,,I1,S2,3.0,3.0,37.7,I3,S3,1,2,36.7,I3,S4,9,2,43.8,,,,,I1,S4,82.5,T2,3,79.6
77,,I1,S1,1.0,3.0,32.8,,I1,S2,3.0,3.0,37.7,I3,S3,1,2,36.7,I3,S4,9,2,43.8,,,,,I2,S1,75.5,T3,3,80.7
78,,I1,S1,1.0,3.0,32.8,,I1,S2,3.0,3.0,37.7,I3,S3,1,2,36.7,I3,S4,9,2,43.8,,,,,I2,S2,75.0,T4,3,82.5
79,,I1,S1,1.0,3.0,32.8,,I1,S2,3.0,3.0,37.7,I3,S3,1,2,36.7,I3,S4,9,2,43.8,,,,,I2,S3,76.5,T5,3,75.5
80,,I1,S1,1.0,3.0,32.8,,I1,S2,3.0,3.0,37.7,I3,S3,1,2,36.7,I3,S4,9,2,43.8,,,,,I2,S4,75.4,T6,3,75.0
81,,I1,S1,1.0,3.0,32.8,,I1,S2,3.0,3.0,37.7,I3,S3,1,2,36.7,I3,S4,9,2,43.8,,,,,I3,S1,69.4,T7,3,76.5
82,,I1,S1,1.0,3.0,32.8,,I1,S2,3.0,3.0,37.7,I3,S3,1,2,36.7,I3,S4,9,2,43.8,,,,,I3,S2,70.3,T8,3,75.4
83,,I1,S1,1.0,3.0,32.8,,I1,S2,3.0,3.0,37.7,I3,S3,1,2,36.7,I3,S4,9,2,43.8,,,,,I3,S3,68.4,T9,3,69.4
84,,I1,S1,1.0,3.0,32.8,,I1,S2,3.0,3.0,37.7,I3,S3,1,2,36.7,I3,S4,9,2,43.8,,,,,I3,S4,67.9,T10,3,70.3
85,,I2,S1,1.0,3.0,34.7,,I2,S2,3.0,3.0,39.8,I1,S3,1,3,37.0,I1,S4,9,3,40.1,,,,,I1,S1,80.3,T12,2,68.2
86,,I2,S1,1.0,3.0,34.7,,I2,S2,3.0,3.0,39.8,I1,S3,1,3,37.0,I1,S4,9,3,40.1,,,,,I1,S2,79.6,T13,2,81.0
87,,I2,S1,1.0,3.0,34.7,,I2,S2,3.0,3.0,39.8,I1,S3,1,3,37.0,I1,S4,9,3,40.1,,,,,I1,S3,80.7,T1,3,80.3
88,,I2,S1,1.0,3.0,34.7,,I2,S2,3.0,3.0,39.8,I1,S3,1,3,37.0,I1,S4,9,3,40.1,,,,,I1,S4,82.5,T2,3,79.6
89,,I2,S1,1.0,3.0,34.7,,I2,S2,3.0,3.0,39.8,I1,S3,1,3,37.0,I1,S4,9,3,40.1,,,,,I2,S1,75.5,T3,3,80.7
90,,I2,S1,1.0,3.0,34.7,,I2,S2,3.0,3.0,39.8,I1,S3,1,3,37.0,I1,S4,9,3,40.1,,,,,I2,S2,75.0,T4,3,82.5
91,,I2,S1,1.0,3.0,34.7,,I2,S2,3.0,3.0,39.8,I1,S3,1,3,37.0,I1,S4,9,3,40.1,,,,,I2,S3,76.5,T5,3,75.5
92,,I2,S1,1.0,3.0,34.7,,I2,S2,3.0,3.0,39.8,I1,S3,1,3,37.0,I1,S4,9,3,40.1,,,,,I2,S4,75.4,T6,3,75.0
93,,I2,S1,1.0,3.0,34.7,,I2,S2,3.0,3.0,39.8,I1,S3,1,3,37.0,I1,S4,9,3,40.1,,,,,I3,S1,69.4,T7,3,76.5
94,,I2,S1,1.0,3.0,34.7,,I2,S2,3.0,3.0,39.8,I1,S3,1,3,37.0,I1,S4,9,3,40.1,,,,,I3,S2,70.3,T8,3,75.4
95,,I2,S1,1.0,3.0,34.7,,I2,S2,3.0,3.0,39.8,I1,S3,1,3,37.0,I1,S4,9,3,40.1,,,,,I3,S3,68.4,T9,3,69.4
96,,I2,S1,1.0,3.0,34.7,,I2,S2,3.0,3.0,39.8,I1,S3,1,3,37.0,I1,S4,9,3,40.1,,,,,I3,S4,67.9,T10,3,70.3
97,,I3,S1,1.0,3.0,35.9,,I3,S2,3.0,3.0,43.7,I2,S3,1,3,35.9,I2,S4,9,3,42.8,,,,,I1,S1,80.3,T12,2,68.2
98,,I3,S1,1.0,3.0,35.9,,I3,S2,3.0,3.0,43.7,I2,S3,1,3,35.9,I2,S4,9,3,42.8,,,,,I1,S2,79.6,T13,2,81.0
99,,I3,S1,1.0,3.0,35.9,,I3,S2,3.0,3.0,43.7,I2,S3,1,3,35.9,I2,S4,9,3,42.8,,,,,I1,S3,80.7,T1,3,80.3
100,,I3,S1,1.0,3.0,35.9,,I3,S2,3.0,3.0,43.7,I2,S3,1,3,35.9,I2,S4,9,3,42.8,,,,,I1,S4,82.5,T2,3,79.6
101,,I3,S1,1.0,3.0,35.9,,I3,S2,3.0,3.0,43.7,I2,S3,1,3,35.9,I2,S4,9,3,42.8,,,,,I2,S1,75.5,T3,3,80.7
102,,I3,S1,1.0,3.0,35.9,,I3,S2,3.0,3.0,43.7,I2,S3,1,3,35.9,I2,S4,9,3,42.8,,,,,I2,S2,75.0,T4,3,82.5
103,,I3,S1,1.0,3.0,35.9,,I3,S2,3.0,3.0,43.7,I2,S3,1,3,35.9,I2,S4,9,3,42.8,,,,,I2,S3,76.5,T5,3,75.5
104,,I3,S1,1.0,3.0,35.9,,I3,S2,3.0,3.0,43.7,I2,S3,1,3,35.9,I2,S4,9,3,42.8,,,,,I2,S4,75.4,T6,3,75.0
105,,I3,S1,1.0,3.0,35.9,,I3,S2,3.0,3.0,43.7,I2,S3,1,3,35.9,I2,S4,9,3,42.8,,,,,I3,S1,69.4,T7,3,76.5
106,,I3,S1,1.0,3.0,35.9,,I3,S2,3.0,3.0,43.7,I2,S3,1,3,35.9,I2,S4,9,3,42.8,,,,,I3,S2,70.3,T8,3,75.4
107,,I3,S1,1.0,3.0,35.9,,I3,S2,3.0,3.0,43.7,I2,S3,1,3,35.9,I2,S4,9,3,42.8,,,,,I3,S3,68.4,T9,3,69.4
108,,I3,S1,1.0,3.0,35.9,,I3,S2,3.0,3.0,43.7,I2,S3,1,3,35.9,I2,S4,9,3,42.8,,,,,I3,S4,67.9,T10,3,70.3
109,,,,,,,,,,,,,I3,S3,1,3,35.3,I3,S4,9,3,45.0,,,,,,,,T11,3,68.4
110,,,,,,,,,,,,,I3,S3,1,3,35.3,I3,S4,9,3,45.0,,,,,,,,T12,3,67.9
111,,,,,,,,,,,,,I3,S3,1,3,35.3,I3,S4,9,3,45.0,,,,,,,,T13,3,80.4
112,,I1,S1,2.0,1.0,30.4,,I1,S2,4.0,1.0,37.8,,,,,,,,,,,,R1,R2,R3,I1,S1,80.9,T1,1,80.9
113,,I1,S1,2.0,1.0,30.4,,I1,S2,4.0,1.0,37.8,,,,,,,,,,,T1,80.9,80.2,80.3,I1,S2,80.4,T2,1,80.4
114,,I1,S1,2.0,1.0,30.4,,I1,S2,4.0,1.0,37.8,,,,,,,,,,,T2,80.4,80,79.6,I1,S3,78.9,T3,1,78.9
115,,I1,S1,2.0,1.0,30.4,,I1,S2,4.0,1.0,37.8,,,,,,,,,,,T3,78.9,79.2,80.7,I1,S4,81.4,T4,1,81.4
116,,I1,S1,2.0,1.0,30.4,,I1,S2,4.0,1.0,37.8,,,,,,,,,,,T4,81.4,82.3,82.5,I2,S1,75.4,T5,1,75.4
117,,I1,S1,2.0,1.0,30.4,,I1,S2,4.0,1.0,37.8,,,,,,,,,,,T5,75.4,76.2,75.5,I2,S2,75.2,T6,1,75.2
118,,I1,S1,2.0,1.0,30.4,,I1,S2,4.0,1.0,37.8,,,,,,,,,,,T6,75.2,74.8,75,I2,S3,76.2,T7,1,76.2
119,,I1,S1,2.0,1.0,30.4,,I1,S2,4.0,1.0,37.8,,,,,,,,,,,T7,76.2,77.1,76.5,I2,S4,75.3,T8,1,75.3
120,,I1,S1,2.0,1.0,30.4,,I1,S2,4.0,1.0,37.8,,,,,,,,,,,T8,75.3,74.4,75.4,I3,S1,72.3,T9,1,72.3
121,,I1,S1,2.0,1.0,30.4,,I1,S2,4.0,1.0,37.8,,,,,,,,,,,T9,72.3,70.6,69.4,I3,S2,70.2,T10,1,70.2
122,,I1,S1,2.0,1.0,30.4,,I1,S2,4.0,1.0,37.8,,,,,,,,,,,T10,70.2,69.9,70.3,I3,S3,67.2,T11,1,67.2
123,,I1,S1,2.0,1.0,30.4,,I1,S2,4.0,1.0,37.8,,,,,,,,,,,T11,67.2,67.3,68.4,I3,S4,68.0,T12,1,68.0
124,,I2,S1,2.0,1.0,32.4,,I2,S2,4.0,1.0,39.9,I1,S3,2,1,29.6,I1,S4,10,1,37.5,,R1,R2,R3,I1,S1,80.9,T1,1,80.9
125,,I2,S1,2.0,1.0,32.4,,I2,S2,4.0,1.0,39.9,I1,S3,2,1,29.6,I1,S4,10,1,37.5,T1,80.9,80.2,80.3,I1,S2,80.4,T2,1,80.4
126,,I2,S1,2.0,1.0,32.4,,I2,S2,4.0,1.0,39.9,I1,S3,2,1,29.6,I1,S4,10,1,37.5,T2,80.4,80,79.6,I1,S3,78.9,T3,1,78.9
127,,I2,S1,2.0,1.0,32.4,,I2,S2,4.0,1.0,39.9,I1,S3,2,1,29.6,I1,S4,10,1,37.5,T3,78.9,79.2,80.7,I1,S4,81.4,T4,1,81.4
128,,I2,S1,2.0,1.0,32.4,,I2,S2,4.0,1.0,39.9,I1,S3,2,1,29.6,I1,S4,10,1,37.5,T4,81.4,82.3,82.5,I2,S1,75.4,T5,1,75.4
129,,I2,S1,2.0,1.0,32.4,,I2,S2,4.0,1.0,39.9,I1,S3,2,1,29.6,I1,S4,10,1,37.5,T5,75.4,76.2,75.5,I2,S2,75.2,T6,1,75.2
130,,I2,S1,2.0,1.0,32.4,,I2,S2,4.0,1.0,39.9,I1,S3,2,1,29.6,I1,S4,10,1,37.5,T6,75.2,74.8,75,I2,S3,76.2,T7,1,76.2
131,,I2,S1,2.0,1.0,32.4,,I2,S2,4.0,1.0,39.9,I1,S3,2,1,29.6,I1,S4,10,1,37.5,T7,76.2,77.1,76.5,I2,S4,75.3,T8,1,75.3
132,,I2,S1,2.0,1.0,32.4,,I2,S2,4.0,1.0,39.9,I1,S3,2,1,29.6,I1,S4,10,1,37.5,T8,75.3,74.4,75.4,I3,S1,72.3,T9,1,72.3
133,,I2,S1,2.0,1.0,32.4,,I2,S2,4.0,1.0,39.9,I1,S3,2,1,29.6,I1,S4,10,1,37.5,T9,72.3,70.6,69.4,I3,S2,70.2,T10,1,70.2
134,,I2,S1,2.0,1.0,32.4,,I2,S2,4.0,1.0,39.9,I1,S3,2,1,29.6,I1,S4,10,1,37.5,T10,70.2,69.9,70.3,I3,S3,67.2,T11,1,67.2
135,,I2,S1,2.0,1.0,32.4,,I2,S2,4.0,1.0,39.9,I1,S3,2,1,29.6,I1,S4,10,1,37.5,T11,67.2,67.3,68.4,I3,S4,68.0,T12,1,68.0
136,,I3,S1,2.0,1.0,34.6,,I3,S2,4.0,1.0,41.8,I2,S3,2,1,31.9,I2,S4,10,1,42.5,,R1,R2,R3,I1,S1,80.9,T1,1,80.9
137,,I3,S1,2.0,1.0,34.6,,I3,S2,4.0,1.0,41.8,I2,S3,2,1,31.9,I2,S4,10,1,42.5,T1,80.9,80.2,80.3,I1,S2,80.4,T2,1,80.4
138,,I3,S1,2.0,1.0,34.6,,I3,S2,4.0,1.0,41.8,I2,S3,2,1,31.9,I2,S4,10,1,42.5,T2,80.4,80,79.6,I1,S3,78.9,T3,1,78.9
139,,I3,S1,2.0,1.0,34.6,,I3,S2,4.0,1.0,41.8,I2,S3,2,1,31.9,I2,S4,10,1,42.5,T3,78.9,79.2,80.7,I1,S4,81.4,T4,1,81.4
140,,I3,S1,2.0,1.0,34.6,,I3,S2,4.0,1.0,41.8,I2,S3,2,1,31.9,I2,S4,10,1,42.5,T4,81.4,82.3,82.5,I2,S1,75.4,T5,1,75.4
141,,I3,S1,2.0,1.0,34.6,,I3,S2,4.0,1.0,41.8,I2,S3,2,1,31.9,I2,S4,10,1,42.5,T5,75.4,76.2,75.5,I2,S2,75.2,T6,1,75.2
142,,I3,S1,2.0,1.0,34.6,,I3,S2,4.0,1.0,41.8,I2,S3,2,1,31.9,I2,S4,10,1,42.5,T6,75.2,74.8,75,I2,S3,76.2,T7,1,76.2
143,,I3,S1,2.0,1.0,34.6,,I3,S2,4.0,1.0,41.8,I2,S3,2,1,31.9,I2,S4,10,1,42.5,T7,76.2,77.1,76.5,I2,S4,75.3,T8,1,75.3
144,,I3,S1,2.0,1.0,34.6,,I3,S2,4.0,1.0,41.8,I2,S3,2,1,31.9,I2,S4,10,1,42.5,T8,75.3,74.4,75.4,I3,S1,72.3,T9,1,72.3
145,,I3,S1,2.0,1.0,34.6,,I3,S2,4.0,1.0,41.8,I2,S3,2,1,31.9,I2,S4,10,1,42.5,T9,72.3,70.6,69.4,I3,S2,70.2,T10,1,70.2
146,,I3,S1,2.0,1.0,34.6,,I3,S2,4.0,1.0,41.8,I2,S3,2,1,31.9,I2,S4,10,1,42.5,T10,70.2,69.9,70.3,I3,S3,67.2,T11,1,67.2
147,,I3,S1,2.0,1.0,34.6,,I3,S2,4.0,1.0,41.8,I2,S3,2,1,31.9,I2,S4,10,1,42.5,T11,67.2,67.3,68.4,I3,S4,68.0,T12,1,68.0
148,,I1,S1,2.0,2.0,31.2,,I1,S2,4.0,2.0,38.7,I3,S3,2,1,32.6,I3,S4,10,1,45.2,T12,68,68.2,67.9,I1,S1,80.2,T13,1,81.4
149,,I1,S1,2.0,2.0,31.2,,I1,S2,4.0,2.0,38.7,I3,S3,2,1,32.6,I3,S4,10,1,45.2,T13,81.4,81,80.4,I1,S2,80.0,T1,2,80.2
150,,I1,S1,2.0,2.0,31.2,,I1,S2,4.0,2.0,38.7,I3,S3,2,1,32.6,I3,S4,10,1,45.2,,,,,I1,S3,79.2,T2,2,80.0
151,,I1,S1,2.0,2.0,31.2,,I1,S2,4.0,2.0,38.7,I3,S3,2,1,32.6,I3,S4,10,1,45.2,,,,,I1,S4,82.3,T3,2,79.2
152,,I1,S1,2.0,2.0,31.2,,I1,S2,4.0,2.0,38.7,I3,S3,2,1,32.6,I3,S4,10,1,45.2,,,,,I2,S1,76.2,T4,2,82.3
153,,I1,S1,2.0,2.0,31.2,,I1,S2,4.0,2.0,38.7,I3,S3,2,1,32.6,I3,S4,10,1,45.2,,,,,I2,S2,74.8,T5,2,76.2
154,,I1,S1,2.0,2.0,31.2,,I1,S2,4.0,2.0,38.7,I3,S3,2,1,32.6,I3,S4,10,1,45.2,,,,,I2,S3,77.1,T6,2,74.8
155,,I1,S1,2.0,2.0,31.2,,I1,S2,4.0,2.0,38.7,I3,S3,2,1,32.6,I3,S4,10,1,45.2,,,,,I2,S4,74.4,T7,2,77.1
156,,I1,S1,2.0,2.0,31.2,,I1,S2,4.0,2.0,38.7,I3,S3,2,1,32.6,I3,S4,10,1,45.2,,,,,I3,S1,70.6,T8,2,74.4
157,,I1,S1,2.0,2.0,31.2,,I1,S2,4.0,2.0,38.7,I3,S3,2,1,32.6,I3,S4,10,1,45.2,,,,,I3,S2,69.9,T9,2,70.6
158,,I1,S1,2.0,2.0,31.2,,I1,S2,4.0,2.0,38.7,I3,S3,2,1,32.6,I3,S4,10,1,45.2,,,,,I3,S3,67.3,T10,2,69.9
159,,I1,S1,2.0,2.0,31.2,,I1,S2,4.0,2.0,38.7,I3,S3,2,1,32.6,I3,S4,10,1,45.2,,,,,I3,S4,68.2,T11,2,67.3
160,,I2,S1,2.0,2.0,33.2,,I2,S2,4.0,2.0,40.2,I1,S3,2,2,31.4,I1,S4,10,2,36.8,T12,68,68.2,67.9,I1,S1,80.2,T13,1,81.4
161,,I2,S1,2.0,2.0,33.2,,I2,S2,4.0,2.0,40.2,I1,S3,2,2,31.4,I1,S4,10,2,36.8,T13,81.4,81,80.4,I1,S2,80.0,T1,2,80.2
162,,I2,S1,2.0,2.0,33.2,,I2,S2,4.0,2.0,40.2,I1,S3,2,2,31.4,I1,S4,10,2,36.8,,,,,I1,S3,79.2,T2,2,80.0
163,,I2,S1,2.0,2.0,33.2,,I2,S2,4.0,2.0,40.2,I1,S3,2,2,31.4,I1,S4,10,2,36.8,,,,,I1,S4,82.3,T3,2,79.2
164,,I2,S1,2.0,2.0,33.2,,I2,S2,4.0,2.0,40.2,I1,S3,2,2,31.4,I1,S4,10,2,36.8,,,,,I2,S1,76.2,T4,2,82.3
165,,I2,S1,2.0,2.0,33.2,,I2,S2,4.0,2.0,40.2,I1,S3,2,2,31.4,I1,S4,10,2,36.8,,,,,I2,S2,74.8,T5,2,76.2
166,,I2,S1,2.0,2.0,33.2,,I2,S2,4.0,2.0,40.2,I1,S3,2,2,31.4,I1,S4,10,2,36.8,,,,,I2,S3,77.1,T6,2,74.8
167,,I2,S1,2.0,2.0,33.2,,I2,S2,4.0,2.0,40.2,I1,S3,2,2,31.4,I1,S4,10,2,36.8,,,,,I2,S4,74.4,T7,2,77.1
168,,I2,S1,2.0,2.0,33.2,,I2,S2,4.0,2.0,40.2,I1,S3,2,2,31.4,I1,S4,10,2,36.8,,,,,I3,S1,70.6,T8,2,74.4
169,,I2,S1,2.0,2.0,33.2,,I2,S2,4.0,2.0,40.2,I1,S3,2,2,31.4,I1,S4,10,2,36.8,,,,,I3,S2,69.9,T9,2,70.6
170,,I2,S1,2.0,2.0,33.2,,I2,S2,4.0,2.0,40.2,I1,S3,2,2,31.4,I1,S4,10,2,36.8,,,,,I3,S3,67.3,T10,2,69.9
171,,I2,S1,2.0,2.0,33.2,,I2,S2,4.0,2.0,40.2,I1,S3,2,2,31.4,I1,S4,10,2,36.8,,,,,I3,S4,68.2,T11,2,67.3
172,,I3,S1,2.0,2.0,35.9,,I3,S2,4.0,2.0,43.2,I2,S3,2,2,32.8,I2,S4,10,2,42.3,T12,68,68.2,67.9,I1,S1,80.2,T13,1,81.4
173,,I3,S1,2.0,2.0,35.9,,I3,S2,4.0,2.0,43.2,I2,S3,2,2,32.8,I2,S4,10,2,42.3,T13,81.4,81,80.4,I1,S2,80.0,T1,2,80.2
174,,I3,S1,2.0,2.0,35.9,,I3,S2,4.0,2.0,43.2,I2,S3,2,2,32.8,I2,S4,10,2,42.3,,,,,I1,S3,79.2,T2,2,80.0
175,,I3,S1,2.0,2.0,35.9,,I3,S2,4.0,2.0,43.2,I2,S3,2,2,32.8,I2,S4,10,2,42.3,,,,,I1,S4,82.3,T3,2,79.2
176,,I3,S1,2.0,2.0,35.9,,I3,S2,4.0,2.0,43.2,I2,S3,2,2,32.8,I2,S4,10,2,42.3,,,,,I2,S1,76.2,T4,2,82.3
177,,I3,S1,2.0,2.0,35.9,,I3,S2,4.0,2.0,43.2,I2,S3,2,2,32.8,I2,S4,10,2,42.3,,,,,I2,S2,74.8,T5,2,76.2
178,,I3,S1,2.0,2.0,35.9,,I3,S2,4.0,2.0,43.2,I2,S3,2,2,32.8,I2,S4,10,2,42.3,,,,,I2,S3,77.1,T6,2,74.8
179,,I3,S1,2.0,2.0,35.9,,I3,S2,4.0,2.0,43.2,I2,S3,2,2,32.8,I2,S4,10,2,42.3,,,,,I2,S4,74.4,T7,2,77.1
180,,I3,S1,2.0,2.0,35.9,,I3,S2,4.0,2.0,43.2,I2,S3,2,2,32.8,I2,S4,10,2,42.3,,,,,I3,S1,70.6,T8,2,74.4
181,,I3,S1,2.0,2.0,35.9,,I3,S2,4.0,2.0,43.2,I2,S3,2,2,32.8,I2,S4,10,2,42.3,,,,,I3,S2,69.9,T9,2,70.6
182,,I3,S1,2.0,2.0,35.9,,I3,S2,4.0,2.0,43.2,I2,S3,2,2,32.8,I2,S4,10,2,42.3,,,,,I3,S3,67.3,T10,2,69.9
183,,I3,S1,2.0,2.0,35.9,,I3,S2,4.0,2.0,43.2,I2,S3,2,2,32.8,I2,S4,10,2,42.3,,,,,I3,S4,68.2,T11,2,67.3
184,,I1,S1,2.0,3.0,32.1,,I1,S2,4.0,3.0,38.6,I3,S3,2,2,34.6,I3,S4,10,2,44.5,,,,,I1,S1,80.3,T12,2,68.2
185,,I1,S1,2.0,3.0,32.1,,I1,S2,4.0,3.0,38.6,I3,S3,2,2,34.6,I3,S4,10,2,44.5,,,,,I1,S2,79.6,T13,2,81.0
186,,I1,S1,2.0,3.0,32.1,,I1,S2,4.0,3.0,38.6,I3,S3,2,2,34.6,I3,S4,10,2,44.5,,,,,I1,S3,80.7,T1,3,80.3
187,,I1,S1,2.0,3.0,32.1,,I1,S2,4.0,3.0,38.6,I3,S3,2,2,34.6,I3,S4,10,2,44.5,,,,,I1,S4,82.5,T2,3,79.6
188,,I1,S1,2.0,3.0,32.1,,I1,S2,4.0,3.0,38.6,I3,S3,2,2,34.6,I3,S4,10,2,44.5,,,,,I2,S1,75.5,T3,3,80.7
189,,I1,S1,2.0,3.0,32.1,,I1,S2,4.0,3.0,38.6,I3,S3,2,2,34.6,I3,S4,10,2,44.5,,,,,I2,S2,75.0,T4,3,82.5
190,,I1,S1,2.0,3.0,32.1,,I1,S2,4.0,3.0,38.6,I3,S3,2,2,34.6,I3,S4,10,2,44.5,,,,,I2,S3,76.5,T5,3,75.5
191,,I1,S1,2.0,3.0,32.1,,I1,S2,4.0,3.0,38.6,I3,S3,2,2,34.6,I3,S4,10,2,44.5,,,,,I2,S4,75.4,T6,3,75.0
192,,I1,S1,2.0,3.0,32.1,,I1,S2,4.0,3.0,38.6,I3,S3,2,2,34.6,I3,S4,10,2,44.5,,,,,I3,S1,69.4,T7,3,76.5
193,,I1,S1,2.0,3.0,32.1,,I1,S2,4.0,3.0,38.6,I3,S3,2,2,34.6,I3,S4,10,2,44.5,,,,,I3,S2,70.3,T8,3,75.4
194,,I1,S1,2.0,3.0,32.1,,I1,S2,4.0,3.0,38.6,I3,S3,2,2,34.6,I3,S4,10,2,44.5,,,,,I3,S3,68.4,T9,3,69.4
195,,I1,S1,2.0,3.0,32.1,,I1,S2,4.0,3.0,38.6,I3,S3,2,2,34.6,I3,S4,10,2,44.5,,,,,I3,S4,67.9,T10,3,70.3
196,,I2,S1,2.0,3.0,33.9,,I2,S2,4.0,3.0,39.8,I1,S3,2,3,31.5,I1,S4,10,3,40.2,,,,,I1,S1,80.3,T12,2,68.2
197,,I2,S1,2.0,3.0,33.9,,I2,S2,4.0,3.0,39.8,I1,S3,2,3,31.5,I1,S4,10,3,40.2,,,,,I1,S2,79.6,T13,2,81.0
198,,I2,S1,2.0,3.0,33.9,,I2,S2,4.0,3.0,39.8,I1,S3,2,3,31.5,I1,S4,10,3,40.2,,,,,I1,S3,80.7,T1,3,80.3
199,,I2,S1,2.0,3.0,33.9,,I2,S2,4.0,3.0,39.8,I1,S3,2,3,31.5,I1,S4,10,3,40.2,,,,,I1,S4,82.5,T2,3,79.6
200,,I2,S1,2.0,3.0,33.9,,I2,S2,4.0,3.0,39.8,I1,S3,2,3,31.5,I1,S4,10,3,40.2,,,,,I2,S1,75.5,T3,3,80.7
201,,I2,S1,2.0,3.0,33.9,,I2,S2,4.0,3.0,39.8,I1,S3,2,3,31.5,I1,S4,10,3,40.2,,,,,I2,S2,75.0,T4,3,82.5
202,,I2,S1,2.0,3.0,33.9,,I2,S2,4.0,3.0,39.8,I1,S3,2,3,31.5,I1,S4,10,3,40.2,,,,,I2,S3,76.5,T5,3,75.5
203,,I2,S1,2.0,3.0,33.9,,I2,S2,4.0,3.0,39.8,I1,S3,2,3,31.5,I1,S4,10,3,40.2,,,,,I2,S4,75.4,T6,3,75.0
204,,I2,S1,2.0,3.0,33.9,,I2,S2,4.0,3.0,39.8,I1,S3,2,3,31.5,I1,S4,10,3,40.2,,,,,I3,S1,69.4,T7,3,76.5
205,,I2,S1,2.0,3.0,33.9,,I2,S2,4.0,3.0,39.8,I1,S3,2,3,31.5,I1,S4,10,3,40.2,,,,,I3,S2,70.3,T8,3,75.4
206,,I2,S1,2.0,3.0,33.9,,I2,S2,4.0,3.0,39.8,I1,S3,2,3,31.5,I1,S4,10,3,40.2,,,,,I3,S3,68.4,T9,3,69.4
207,,I2,S1,2.0,3.0,33.9,,I2,S2,4.0,3.0,39.8,I1,S3,2,3,31.5,I1,S4,10,3,40.2,,,,,I3,S4,67.9,T10,3,70.3
208,,I3,S1,2.0,3.0,35.2,,I3,S2,4.0,3.0,42.6,I2,S3,2,3,32.5,I2,S4,10,3,43.6,,,,,I1,S1,80.3,T12,2,68.2
209,,I3,S1,2.0,3.0,35.2,,I3,S2,4.0,3.0,42.6,I2,S3,2,3,32.5,I2,S4,10,3,43.6,,,,,I1,S2,79.6,T13,2,81.0
210,,I3,S1,2.0,3.0,35.2,,I3,S2,4.0,3.0,42.6,I2,S3,2,3,32.5,I2,S4,10,3,43.6,,,,,I1,S3,80.7,T1,3,80.3
211,,I3,S1,2.0,3.0,35.2,,I3,S2,4.0,3.0,42.6,I2,S3,2,3,32.5,I2,S4,10,3,43.6,,,,,I1,S4,82.5,T2,3,79.6
212,,I3,S1,2.0,3.0,35.2,,I3,S2,4.0,3.0,42.6,I2,S3,2,3,32.5,I2,S4,10,3,43.6,,,,,I2,S1,75.5,T3,3,80.7
213,,I3,S1,2.0,3.0,35.2,,I3,S2,4.0,3.0,42.6,I2,S3,2,3,32.5,I2,S4,10,3,43.6,,,,,I2,S2,75.0,T4,3,82.5
214,,I3,S1,2.0,3.0,35.2,,I3,S2,4.0,3.0,42.6,I2,S3,2,3,32.5,I2,S4,10,3,43.6,,,,,I2,S3,76.5,T5,3,75.5
215,,I3,S1,2.0,3.0,35.2,,I3,S2,4.0,3.0,42.6,I2,S3,2,3,32.5,I2,S4,10,3,43.6,,,,,I2,S4,75.4,T6,3,75.0
216,,I3,S1,2.0,3.0,35.2,,I3,S2,4.0,3.0,42.6,I2,S3,2,3,32.5,I2,S4,10,3,43.6,,,,,I3,S1,69.4,T7,3,76.5
217,,I3,S1,2.0,3.0,35.2,,I3,S2,4.0,3.0,42.6,I2,S3,2,3,32.5,I2,S4,10,3,43.6,,,,,I3,S2,70.3,T8,3,75.4
218,,I3,S1,2.0,3.0,35.2,,I3,S2,4.0,3.0,42.6,I2,S3,2,3,32.5,I2,S4,10,3,43.6,,,,,I3,S3,68.4,T9,3,69.4
219,,I3,S1,2.0,3.0,35.2,,I3,S2,4.0,3.0,42.6,I2,S3,2,3,32.5,I2,S4,10,3,43.6,,,,,I3,S4,67.9,T10,3,70.3
220,,,,,,,,,,,,,I3,S3,2,3,34.9,I3,S4,10,3,45.3,,,,,,,,T11,3,68.4
221,,,,,,,,,,,,,I3,S3,2,3,34.9,I3,S4,10,3,45.3,,,,,,,,T12,3,67.9
222,,,,,,,,,,,,,I3,S3,2,3,34.9,I3,S4,10,3,45.3,,,,,,,,T13,3,80.4
223,,,,,,,,,,,,,I1,S3,3,1,34.3,I1,S4,11,1,27.6,,,,,,,,T11,3,68.4
224,,,,,,,,,,,,,I1,S3,3,1,34.3,I1,S4,11,1,27.6,,,,,,,,T12,3,67.9
225,,,,,,,,,,,,,I1,S3,3,1,34.3,I1,S4,11,1,27.6,,,,,,,,T13,3,80.4
226,,,,,,,,,,,,,I2,S3,3,1,37.3,I2,S4,11,1,28.6,,,,,,,,T11,3,68.4
227,,,,,,,,,,,,,I2,S3,3,1,37.3,I2,S4,11,1,28.6,,,,,,,,T12,3,67.9
228,,,,,,,,,,,,,I2,S3,3,1,37.3,I2,S4,11,1,28.6,,,,,,,,T13,3,80.4
229,,,,,,,,,,,,,I3,S3,3,1,41.3,I3,S4,11,1,30.5,,,,,,,,T11,3,68.4
230,,,,,,,,,,,,,I3,S3,3,1,41.3,I3,S4,11,1,30.5,,,,,,,,T12,3,67.9
231,,,,,,,,,,,,,I3,S3,3,1,41.3,I3,S4,11,1,30.5,,,,,,,,T13,3,80.4
232,,,,,,,,,,,,,I1,S3,3,2,35.6,I1,S4,11,2,26.8,,,,,,,,T11,3,68.4
233,,,,,,,,,,,,,I1,S3,3,2,35.6,I1,S4,11,2,26.8,,,,,,,,T12,3,67.9
234,,,,,,,,,,,,,I1,S3,3,2,35.6,I1,S4,11,2,26.8,,,,,,,,T13,3,80.4
235,,,,,,,,,,,,,I2,S3,3,2,36.6,I2,S4,11,2,29.4,,,,,,,,T11,3,68.4
236,,,,,,,,,,,,,I2,S3,3,2,36.6,I2,S4,11,2,29.4,,,,,,,,T12,3,67.9
237,,,,,,,,,,,,,I2,S3,3,2,36.6,I2,S4,11,2,29.4,,,,,,,,T13,3,80.4
238,,,,,,,,,,,,,I3,S3,3,2,38.6,I3,S4,11,2,30.9,,,,,,,,T11,3,68.4
239,,,,,,,,,,,,,I3,S3,3,2,38.6,I3,S4,11,2,30.9,,,,,,,,T12,3,67.9
240,,,,,,,,,,,,,I3,S3,3,2,38.6,I3,S4,11,2,30.9,,,,,,,,T13,3,80.4
241,,,,,,,,,,,,,I1,S3,3,3,34.9,I1,S4,11,3,26.9,,,,,,,,T11,3,68.4
242,,,,,,,,,,,,,I1,S3,3,3,34.9,I1,S4,11,3,26.9,,,,,,,,T12,3,67.9
243,,,,,,,,,,,,,I1,S3,3,3,34.9,I1,S4,11,3,26.9,,,,,,,,T13,3,80.4
244,,,,,,,,,,,,,I2,S3,3,3,36.4,I2,S4,11,3,28.8,,,,,,,,T11,3,68.4
245,,,,,,,,,,,,,I2,S3,3,3,36.4,I2,S4,11,3,28.8,,,,,,,,T12,3,67.9
246,,,,,,,,,,,,,I2,S3,3,3,36.4,I2,S4,11,3,28.8,,,,,,,,T13,3,80.4
247,,,,,,,,,,,,,I3,S3,3,3,40.1,I3,S4,11,3,30.4,,,,,,,,T11,3,68.4
248,,,,,,,,,,,,,I3,S3,3,3,40.1,I3,S4,11,3,30.4,,,,,,,,T12,3,67.9
249,,,,,,,,,,,,,I3,S3,3,3,40.1,I3,S4,11,3,30.4,,,,,,,,T13,3,80.4
250,,,,,,,,,,,,,I1,S3,4,1,27.2,I1,S4,12,1,28.6,,,,,,,,T11,3,68.4
251,,,,,,,,,,,,,I1,S3,4,1,27.2,I1,S4,12,1,28.6,,,,,,,,T12,3,67.9
252,,,,,,,,,,,,,I1,S3,4,1,27.2,I1,S4,12,1,28.6,,,,,,,,T13,3,80.4
253,,,,,,,,,,,,,I2,S3,4,1,30.5,I2,S4,12,1,31.9,,,,,,,,T11,3,68.4
254,,,,,,,,,,,,,I2,S3,4,1,30.5,I2,S4,12,1,31.9,,,,,,,,T12,3,67.9
255,,,,,,,,,,,,,I2,S3,4,1,30.5,I2,S4,12,1,31.9,,,,,,,,T13,3,80.4
256,,,,,,,,,,,,,I3,S3,4,1,32.8,I3,S4,12,1,33.9,,,,,,,,T11,3,68.4
257,,,,,,,,,,,,,I3,S3,4,1,32.8,I3,S4,12,1,33.9,,,,,,,,T12,3,67.9
258,,,,,,,,,,,,,I3,S3,4,1,32.8,I3,S4,12,1,33.9,,,,,,,,T13,3,80.4
259,,,,,,,,,,,,,I1,S3,4,2,28.2,I1,S4,12,2,29.6,,,,,,,,T11,3,68.4
260,,,,,,,,,,,,,I1,S3,4,2,28.2,I1,S4,12,2,29.6,,,,,,,,T12,3,67.9
261,,,,,,,,,,,,,I1,S3,4,2,28.2,I1,S4,12,2,29.6,,,,,,,,T13,3,80.4
262,,,,,,,,,,,,,I2,S3,4,2,29.0,I2,S4,12,2,34.3,,,,,,,,T11,3,68.4
263,,,,,,,,,,,,,I2,S3,4,2,29.0,I2,S4,12,2,34.3,,,,,,,,T12,3,67.9
264,,,,,,,,,,,,,I2,S3,4,2,29.0,I2,S4,12,2,34.3,,,,,,,,T13,3,80.4
265,,,,,,,,,,,,,I3,S3,4,2,31.2,I3,S4,12,2,36.9,,,,,,,,T11,3,68.4
266,,,,,,,,,,,,,I3,S3,4,2,31.2,I3,S4,12,2,36.9,,,,,,,,T12,3,67.9
267,,,,,,,,,,,,,I3,S3,4,2,31.2,I3,S4,12,2,36.9,,,,,,,,T13,3,80.4
268,,,,,,,,,,,,,I1,S3,4,3,28.2,I1,S4,12,3,30.3,,,,,,,,T11,3,68.4
269,,,,,,,,,,,,,I1,S3,4,3,28.2,I1,S4,12,3,30.3,,,,,,,,T12,3,67.9
270,,,,,,,,,,,,,I1,S3,4,3,28.2,I1,S4,12,3,30.3,,,,,,,,T13,3,80.4
271,,,,,,,,,,,,,I2,S3,4,3,31.2,I2,S4,12,3,33.0,,,,,,,,T11,3,68.4
272,,,,,,,,,,,,,I2,S3,4,3,31.2,I2,S4,12,3,33.0,,,,,,,,T12,3,67.9
273,,,,,,,,,,,,,I2,S3,4,3,31.2,I2,S4,12,3,33.0,,,,,,,,T13,3,80.4
274,,,,,,,,,,,,,I3,S3,4,3,35.6,I3,S4,12,3,36.3,,,,,,,,T11,3,68.4
275,,,,,,,,,,,,,I3,S3,4,3,35.6,I3,S4,12,3,36.3,,,,,,,,T12,3,67.9
276,,,,,,,,,,,,,I3,S3,4,3,35.6,I3,S4,12,3,36.3,,,,,,,,T13,3,80.4
277,,,,,,,,,,,,,I1,S3,5,1,32.6,I1,S4,13,1,30.6,,,,,,,,T11,3,68.4
278,,,,,,,,,,,,,I1,S3,5,1,32.6,I1,S4,13,1,30.6,,,,,,,,T12,3,67.9
279,,,,,,,,,,,,,I1,S3,5,1,32.6,I1,S4,13,1,30.6,,,,,,,,T13,3,80.4
280,,,,,,,,,,,,,I2,S3,5,1,33.9,I2,S4,13,1,32.3,,,,,,,,T11,3,68.4
281,,,,,,,,,,,,,I2,S3,5,1,33.9,I2,S4,13,1,32.3,,,,,,,,T12,3,67.9
282,,,,,,,,,,,,,I2,S3,5,1,33.9,I2,S4,13,1,32.3,,,,,,,,T13,3,80.4
283,,,,,,,,,,,,,I3,S3,5,1,35.6,I3,S4,13,1,34.2,,,,,,,,T11,3,68.4
284,,,,,,,,,,,,,I3,S3,5,1,35.6,I3,S4,13,1,34.2,,,,,,,,T12,3,67.9
285,,,,,,,,,,,,,I3,S3,5,1,35.6,I3,S4,13,1,34.2,,,,,,,,T13,3,80.4
286,,,,,,,,,,,,,I1,S3,5,2,32.4,I1,S4,13,2,30.9,,,,,,,,T11,3,68.4
287,,,,,,,,,,,,,I1,S3,5,2,32.4,I1,S4,13,2,30.9,,,,,,,,T12,3,67.9
288,,,,,,,,,,,,,I1,S3,5,2,32.4,I1,S4,13,2,30.9,,,,,,,,T13,3,80.4
289,,,,,,,,,,,,,I2,S3,5,2,33.9,I2,S4,13,2,33.1,,,,,,,,T11,3,68.4
290,,,,,,,,,,,,,I2,S3,5,2,33.9,I2,S4,13,2,33.1,,,,,,,,T12,3,67.9
291,,,,,,,,,,,,,I2,S3,5,2,33.9,I2,S4,13,2,33.1,,,,,,,,T13,3,80.4
292,,,,,,,,,,,,,I3,S3,5,2,37.1,I3,S4,13,2,35.6,,,,,,,,T11,3,68.4
293,,,,,,,,,,,,,I3,S3,5,2,37.1,I3,S4,13,2,35.6,,,,,,,,T12,3,67.9
294,,,,,,,,,,,,,I3,S3,5,2,37.1,I3,S4,13,2,35.6,,,,,,,,T13,3,80.4
295,,,,,,,,,,,,,I1,S3,5,3,34.6,I1,S4,13,3,31.2,,,,,,,,T11,3,68.4
296,,,,,,,,,,,,,I1,S3,5,3,34.6,I1,S4,13,3,31.2,,,,,,,,T12,3,67.9
297,,,,,,,,,,,,,I1,S3,5,3,34.6,I1,S4,13,3,31.2,,,,,,,,T13,3,80.4
298,,,,,,,,,,,,,I2,S3,5,3,34.9,I2,S4,13,3,34.6,,,,,,,,T11,3,68.4
299,,,,,,,,,,,,,I2,S3,5,3,34.9,I2,S4,13,3,34.6,,,,,,,,T12,3,67.9
300,,,,,,,,,,,,,I2,S3,5,3,34.9,I2,S4,13,3,34.6,,,,,,,,T13,3,80.4
301,,,,,,,,,,,,,I3,S3,5,3,39.2,I3,S4,13,3,36.2,,,,,,,,T11,3,68.4
302,,,,,,,,,,,,,I3,S3,5,3,39.2,I3,S4,13,3,36.2,,,,,,,,T12,3,67.9
303,,,,,,,,,,,,,I3,S3,5,3,39.2,I3,S4,13,3,36.2,,,,,,,,T13,3,80.4
304,,,,,,,,,,,,,I1,S3,6,1,33.5,I1,S4,14,1,28.6,,,,,,,,T11,3,68.4
305,,,,,,,,,,,,,I1,S3,6,1,33.5,I1,S4,14,1,28.6,,,,,,,,T12,3,67.9
306,,,,,,,,,,,,,I1,S3,6,1,33.5,I1,S4,14,1,28.6,,,,,,,,T13,3,80.4
307,,,,,,,,,,,,,I2,S3,6,1,36.3,I2,S4,14,1,29.7,,,,,,,,T11,3,68.4
308,,,,,,,,,,,,,I2,S3,6,1,36.3,I2,S4,14,1,29.7,,,,,,,,T12,3,67.9
309,,,,,,,,,,,,,I2,S3,6,1,36.3,I2,S4,14,1,29.7,,,,,,,,T13,3,80.4
310,,,,,,,,,,,,,I3,S3,6,1,37.8,I3,S4,14,1,30.8,,,,,,,,T11,3,68.4
311,,,,,,,,,,,,,I3,S3,6,1,37.8,I3,S4,14,1,30.8,,,,,,,,T12,3,67.9
312,,,,,,,,,,,,,I3,S3,6,1,37.8,I3,S4,14,1,30.8,,,,,,,,T13,3,80.4
313,,,,,,,,,,,,,I1,S3,6,2,32.2,I1,S4,14,2,26.8,,,,,,,,T11,3,68.4
314,,,,,,,,,,,,,I1,S3,6,2,32.2,I1,S4,14,2,26.8,,,,,,,,T12,3,67.9
315,,,,,,,,,,,,,I1,S3,6,2,32.2,I1,S4,14,2,26.8,,,,,,,,T13,3,80.4
316,,,,,,,,,,,,,I2,S3,6,2,35.3,I2,S4,14,2,29.4,,,,,,,,T11,3,68.4
317,,,,,,,,,,,,,I2,S3,6,2,35.3,I2,S4,14,2,29.4,,,,,,,,T12,3,67.9
318,,,,,,,,,,,,,I2,S3,6,2,35.3,I2,S4,14,2,29.4,,,,,,,,T13,3,80.4
319,,,,,,,,,,,,,I3,S3,6,2,37.0,I3,S4,14,2,30.9,,,,,,,,T11,3,68.4
320,,,,,,,,,,,,,I3,S3,6,2,37.0,I3,S4,14,2,30.9,,,,,,,,T12,3,67.9
321,,,,,,,,,,,,,I3,S3,6,2,37.0,I3,S4,14,2,30.9,,,,,,,,T13,3,80.4
322,,,,,,,,,,,,,I1,S3,6,3,32.8,I1,S4,14,3,27.2,,,,,,,,T11,3,68.4
323,,,,,,,,,,,,,I1,S3,6,3,32.8,I1,S4,14,3,27.2,,,,,,,,T12,3,67.9
324,,,,,,,,,,,,,I1,S3,6,3,32.8,I1,S4,14,3,27.2,,,,,,,,T13,3,80.4
325,,,,,,,,,,,,,I2,S3,6,3,36.8,I2,S4,14,3,29.7,,,,,,,,T11,3,68.4
326,,,,,,,,,,,,,I2,S3,6,3,36.8,I2,S4,14,3,29.7,,,,,,,,T12,3,67.9
327,,,,,,,,,,,,,I2,S3,6,3,36.8,I2,S4,14,3,29.7,,,,,,,,T13,3,80.4
328,,,,,,,,,,,,,I3,S3,6,3,38.2,I3,S4,14,3,31.5,,,,,,,,T11,3,68.4
329,,,,,,,,,,,,,I3,S3,6,3,38.2,I3,S4,14,3,31.5,,,,,,,,T12,3,67.9
330,,,,,,,,,,,,,I3,S3,6,3,38.2,I3,S4,14,3,31.5,,,,,,,,T13,3,80.4
331,,,,,,,,,,,,,,,,,,,,, ,,,,,,,,,T11,3,68.4
332,,,,,,,,,,,,,,,,,,,,, ,,,,,,,,,T12,3,67.9
333,,,,,,,,,,,,,,,,,,,,, ,,,,,,,,,T13,3,80.4
334,,,,,,,,,,,,,I1,S3,7,1,28.2,I1,S4,15,1,32.4,,,,,,,,T11,3,68.4
335,,,,,,,,,,,,,I1,S3,7,1,28.2,I1,S4,15,1,32.4,,,,,,,,T12,3,67.9
336,,,,,,,,,,,,,I1,S3,7,1,28.2,I1,S4,15,1,32.4,,,,,,,,T13,3,80.4
337,,,,,,,,,,,,,I2,S3,7,1,32.6,I2,S4,15,1,35.9,,,,,,,,T11,3,68.4
338,,,,,,,,,,,,,I2,S3,7,1,32.6,I2,S4,15,1,35.9,,,,,,,,T12,3,67.9
339,,,,,,,,,,,,,I2,S3,7,1,32.6,I2,S4,15,1,35.9,,,,,,,,T13,3,80.4
340,,,,,,,,,,,,,I3,S3,7,1,34.8,I3,S4,15,1,37.4,,,,,,,,T11,3,68.4
341,,,,,,,,,,,,,I3,S3,7,1,34.8,I3,S4,15,1,37.4,,,,,,,,T12,3,67.9
342,,,,,,,,,,,,,I3,S3,7,1,34.8,I3,S4,15,1,37.4,,,,,,,,T13,3,80.4
343,,,,,,,,,,,,,I1,S3,7,2,29.9,I1,S4,15,2,31.6,,,,,,,,T11,3,68.4
344,,,,,,,,,,,,,I1,S3,7,2,29.9,I1,S4,15,2,31.6,,,,,,,,T12,3,67.9
345,,,,,,,,,,,,,I1,S3,7,2,29.9,I1,S4,15,2,31.6,,,,,,,,T13,3,80.4
346,,,,,,,,,,,,,I2,S3,7,2,32.3,I2,S4,15,2,36.6,,,,,,,,T11,3,68.4
347,,,,,,,,,,,,,I2,S3,7,2,32.3,I2,S4,15,2,36.6,,,,,,,,T12,3,67.9
348,,,,,,,,,,,,,I2,S3,7,2,32.3,I2,S4,15,2,36.6,,,,,,,,T13,3,80.4
349,,,,,,,,,,,,,I3,S3,7,2,33.9,I3,S4,15,2,38.9,,,,,,,,T11,3,68.4
350,,,,,,,,,,,,,I3,S3,7,2,33.9,I3,S4,15,2,38.9,,,,,,,,T12,3,67.9
351,,,,,,,,,,,,,I3,S3,7,2,33.9,I3,S4,15,2,38.9,,,,,,,,T13,3,80.4
352,,,,,,,,,,,,,I1,S3,7,3,29.7,I1,S4,15,3,32.9,,,,,,,,T11,3,68.4
353,,,,,,,,,,,,,I1,S3,7,3,29.7,I1,S4,15,3,32.9,,,,,,,,T12,3,67.9
354,,,,,,,,,,,,,I1,S3,7,3,29.7,I1,S4,15,3,32.9,,,,,,,,T13,3,80.4
355,,,,,,,,,,,,,I2,S3,7,3,33.7,I2,S4,15,3,35.6,,,,,,,,T11,3,68.4
356,,,,,,,,,,,,,I2,S3,7,3,33.7,I2,S4,15,3,35.6,,,,,,,,T12,3,67.9
357,,,,,,,,,,,,,I2,S3,7,3,33.7,I2,S4,15,3,35.6,,,,,,,,T13,3,80.4
358,,,,,,,,,,,,,I3,S3,7,3,34.9,I3,S4,15,3,37.7,,,,,,,,T11,3,68.4
359,,,,,,,,,,,,,I3,S3,7,3,34.9,I3,S4,15,3,37.7,,,,,,,,T12,3,67.9
360,,,,,,,,,,,,,I3,S3,7,3,34.9,I3,S4,15,3,37.7,,,,,,,,T13,3,80.4
361,,,,,,,,,,,,,I1,S3,8,1,27.2,I1,S4,16,1,34.8,,,,,,,,T11,3,68.4
362,,,,,,,,,,,,,I1,S3,8,1,27.2,I1,S4,16,1,34.8,,,,,,,,T12,3,67.9
363,,,,,,,,,,,,,I1,S3,8,1,27.2,I1,S4,16,1,34.8,,,,,,,,T13,3,80.4
364,,,,,,,,,,,,,I2,S3,8,1,30.2,I2,S4,16,1,36.6,,,,,,,,T11,3,68.4
365,,,,,,,,,,,,,I2,S3,8,1,30.2,I2,S4,16,1,36.6,,,,,,,,T12,3,67.9
366,,,,,,,,,,,,,I2,S3,8,1,30.2,I2,S4,16,1,36.6,,,,,,,,T13,3,80.4
367,,,,,,,,,,,,,I3,S3,8,1,32.5,I3,S4,16,1,37.9,,,,,,,,T11,3,68.4
368,,,,,,,,,,,,,I3,S3,8,1,32.5,I3,S4,16,1,37.9,,,,,,,,T12,3,67.9
369,,,,,,,,,,,,,I3,S3,8,1,32.5,I3,S4,16,1,37.9,,,,,,,,T13,3,80.4
370,,,,,,,,,,,,,I1,S3,8,2,29.3,I1,S4,16,2,33.9,,,,,,,,T11,3,68.4
371,,,,,,,,,,,,,I1,S3,8,2,29.3,I1,S4,16,2,33.9,,,,,,,,T12,3,67.9
372,,,,,,,,,,,,,I1,S3,8,2,29.3,I1,S4,16,2,33.9,,,,,,,,T13,3,80.4
373,,,,,,,,,,,,,I2,S3,8,2,28.4,I2,S4,16,2,36.0,,,,,,,,T11,3,68.4
374,,,,,,,,,,,,,I2,S3,8,2,28.4,I2,S4,16,2,36.0,,,,,,,,T12,3,67.9
375,,,,,,,,,,,,,I2,S3,8,2,28.4,I2,S4,16,2,36.0,,,,,,,,T13,3,80.4
376,,,,,,,,,,,,,I3,S3,8,2,29.9,I3,S4,16,2,37.8,,,,,,,,T11,3,68.4
377,,,,,,,,,,,,,I3,S3,8,2,29.9,I3,S4,16,2,37.8,,,,,,,,T12,3,67.9
378,,,,,,,,,,,,,I3,S3,8,2,29.9,I3,S4,16,2,37.8,,,,,,,,T13,3,80.4
379,,,,,,,,,,,,,I1,S3,8,3,30.3,I1,S4,16,3,35.3,,,,,,,,T11,3,68.4
380,,,,,,,,,,,,,I1,S3,8,3,30.3,I1,S4,16,3,35.3,,,,,,,,T12,3,67.9
381,,,,,,,,,,,,,I1,S3,8,3,30.3,I1,S4,16,3,35.3,,,,,,,,T13,3,80.4
382,,,,,,,,,,,,,I2,S3,8,3,32.3,I2,S4,16,3,37.1,,,,,,,,T11,3,68.4
383,,,,,,,,,,,,,I2,S3,8,3,32.3,I2,S4,16,3,37.1,,,,,,,,T12,3,67.9
384,,,,,,,,,,,,,I2,S3,8,3,32.3,I2,S4,16,3,37.1,,,,,,,,T13,3,80.4
385,,,,,,,,,,,,,I3,S3,8,3,31.9,I3,S4,16,3,38.7,,,,,,,,T11,3,68.4
386,,,,,,,,,,,,,I3,S3,8,3,31.9,I3,S4,16,3,38.7,,,,,,,,T12,3,67.9
387,,,,,,,,,,,,,I3,S3,8,3,31.9,I3,S4,16,3,38.7,,,,,,,,T13,3,80.4
388,,,,,,,,,,,,,,,,,,I1,S4,17,1,26.1,,,,,,,,T11,3,68.4
389,,,,,,,,,,,,,,,,,,I1,S4,17,1,26.1,,,,,,,,T12,3,67.9
390,,,,,,,,,,,,,,,,,,I1,S4,17,1,26.1,,,,,,,,T13,3,80.4
391,,,,,,,,,,,,,,,,,,I2,S4,17,1,28.5,,,,,,,,T11,3,68.4
392,,,,,,,,,,,,,,,,,,I2,S4,17,1,28.5,,,,,,,,T12,3,67.9
393,,,,,,,,,,,,,,,,,,I2,S4,17,1,28.5,,,,,,,,T13,3,80.4
394,,,,,,,,,,,,,,,,,,I3,S4,17,1,29.9,,,,,,,,T11,3,68.4
395,,,,,,,,,,,,,,,,,,I3,S4,17,1,29.9,,,,,,,,T12,3,67.9
396,,,,,,,,,,,,,,,,,,I3,S4,17,1,29.9,,,,,,,,T13,3,80.4
397,,,,,,,,,,,,,,,,,,I1,S4,17,2,25.4,,,,,,,,T11,3,68.4
398,,,,,,,,,,,,,,,,,,I1,S4,17,2,25.4,,,,,,,,T12,3,67.9
399,,,,,,,,,,,,,,,,,,I1,S4,17,2,25.4,,,,,,,,T13,3,80.4
400,,,,,,,,,,,,,,,,,,I2,S4,17,2,27.0,,,,,,,,T11,3,68.4
401,,,,,,,,,,,,,,,,,,I2,S4,17,2,27.0,,,,,,,,T12,3,67.9
402,,,,,,,,,,,,,,,,,,I2,S4,17,2,27.0,,,,,,,,T13,3,80.4
403,,,,,,,,,,,,,,,,,,I3,S4,17,2,29.8,,,,,,,,T11,3,68.4
404,,,,,,,,,,,,,,,,,,I3,S4,17,2,29.8,,,,,,,,T12,3,67.9
405,,,,,,,,,,,,,,,,,,I3,S4,17,2,29.8,,,,,,,,T13,3,80.4
406,,,,,,,,,,,,,,,,,,I1,S4,17,3,26.2,,,,,,,,T11,3,68.4
407,,,,,,,,,,,,,,,,,,I1,S4,17,3,26.2,,,,,,,,T12,3,67.9
408,,,,,,,,,,,,,,,,,,I1,S4,17,3,26.2,,,,,,,,T13,3,80.4
409,,,,,,,,,,,,,,,,,,I2,S4,17,3,27.2,,,,,,,,T11,3,68.4
410,,,,,,,,,,,,,,,,,,I2,S4,17,3,27.2,,,,,,,,T12,3,67.9
411,,,,,,,,,,,,,,,,,,I2,S4,17,3,27.2,,,,,,,,T13,3,80.4
412,,,,,,,,,,,,,,,,,,I3,S4,17,3,30.0,,,,,,,,T11,3,68.4
413,,,,,,,,,,,,,,,,,,I3,S4,17,3,30.0,,,,,,,,T12,3,67.9
414,,,,,,,,,,,,,,,,,,I3,S4,17,3,30.0,,,,,,,,T13,3,80.4
415,,,,,,,,,,,,,,,,,,I1,S4,18,1,21.9,,,,,,,,T11,3,68.4
416,,,,,,,,,,,,,,,,,,I1,S4,18,1,21.9,,,,,,,,T12,3,67.9
417,,,,,,,,,,,,,,,,,,I1,S4,18,1,21.9,,,,,,,,T13,3,80.4
418,,,,,,,,,,,,,,,,,,I2,S4,18,1,23.1,,,,,,,,T11,3,68.4
419,,,,,,,,,,,,,,,,,,I2,S4,18,1,23.1,,,,,,,,T12,3,67.9
420,,,,,,,,,,,,,,,,,,I2,S4,18,1,23.1,,,,,,,,T13,3,80.4
421,,,,,,,,,,,,,,,,,,I3,S4,18,1,26.1,,,,,,,,T11,3,68.4
422,,,,,,,,,,,,,,,,,,I3,S4,18,1,26.1,,,,,,,,T12,3,67.9
423,,,,,,,,,,,,,,,,,,I3,S4,18,1,26.1,,,,,,,,T13,3,80.4
424,,,,,,,,,,,,,,,,,,I1,S4,18,2,20.6,,,,,,,,T11,3,68.4
425,,,,,,,,,,,,,,,,,,I1,S4,18,2,20.6,,,,,,,,T12,3,67.9
426,,,,,,,,,,,,,,,,,,I1,S4,18,2,20.6,,,,,,,,T13,3,80.4
427,,,,,,,,,,,,,,,,,,I2,S4,18,2,21.4,,,,,,,,T11,3,68.4
428,,,,,,,,,,,,,,,,,,I2,S4,18,2,21.4,,,,,,,,T12,3,67.9
429,,,,,,,,,,,,,,,,,,I2,S4,18,2,21.4,,,,,,,,T13,3,80.4
430,,,,,,,,,,,,,,,,,,I3,S4,18,2,23.4,,,,,,,,T11,3,68.4
431,,,,,,,,,,,,,,,,,,I3,S4,18,2,23.4,,,,,,,,T12,3,67.9
432,,,,,,,,,,,,,,,,,,I3,S4,18,2,23.4,,,,,,,,T13,3,80.4
433,,,,,,,,,,,,,,,,,,I1,S4,18,3,20.2,,,,,,,,T11,3,68.4
434,,,,,,,,,,,,,,,,,,I1,S4,18,3,20.2,,,,,,,,T12,3,67.9
435,,,,,,,,,,,,,,,,,,I1,S4,18,3,20.2,,,,,,,,T13,3,80.4
436,,,,,,,,,,,,,,,,,,I2,S4,18,3,25.6,,,,,,,,T11,3,68.4
437,,,,,,,,,,,,,,,,,,I2,S4,18,3,25.6,,,,,,,,T12,3,67.9
438,,,,,,,,,,,,,,,,,,I2,S4,18,3,25.6,,,,,,,,T13,3,80.4
439,,,,,,,,,,,,,,,,,,I3,S4,18,3,26.3,,,,,,,,T11,3,68.4
440,,,,,,,,,,,,,,,,,,I3,S4,18,3,26.3,,,,,,,,T12,3,67.9
441,,,,,,,,,,,,,,,,,,I3,S4,18,3,26.3,,,,,,,,T13,3,80.4
442,,,,,,,,,,,,,,,,,,I1,S4,19,1,27.2,,,,,,,,T11,3,68.4
443,,,,,,,,,,,,,,,,,,I1,S4,19,1,27.2,,,,,,,,T12,3,67.9
444,,,,,,,,,,,,,,,,,,I1,S4,19,1,27.2,,,,,,,,T13,3,80.4
445,,,,,,,,,,,,,,,,,,I2,S4,19,1,29.9,,,,,,,,T11,3,68.4
446,,,,,,,,,,,,,,,,,,I2,S4,19,1,29.9,,,,,,,,T12,3,67.9
447,,,,,,,,,,,,,,,,,,I2,S4,19,1,29.9,,,,,,,,T13,3,80.4
448,,,,,,,,,,,,,,,,,,I3,S4,19,1,32.3,,,,,,,,T11,3,68.4
449,,,,,,,,,,,,,,,,,,I3,S4,19,1,32.3,,,,,,,,T12,3,67.9
450,,,,,,,,,,,,,,,,,,I3,S4,19,1,32.3,,,,,,,,T13,3,80.4
451,,,,,,,,,,,,,,,,,,I1,S4,19,2,28.4,,,,,,,,T11,3,68.4
452,,,,,,,,,,,,,,,,,,I1,S4,19,2,28.4,,,,,,,,T12,3,67.9
453,,,,,,,,,,,,,,,,,,I1,S4,19,2,28.4,,,,,,,,T13,3,80.4
454,,,,,,,,,,,,,,,,,,I2,S4,19,2,30.9,,,,,,,,T11,3,68.4
455,,,,,,,,,,,,,,,,,,I2,S4,19,2,30.9,,,,,,,,T12,3,67.9
456,,,,,,,,,,,,,,,,,,I2,S4,19,2,30.9,,,,,,,,T13,3,80.4
457,,,,,,,,,,,,,,,,,,I3,S4,19,2,33.8,,,,,,,,T11,3,68.4
458,,,,,,,,,,,,,,,,,,I3,S4,19,2,33.8,,,,,,,,T12,3,67.9
459,,,,,,,,,,,,,,,,,,I3,S4,19,2,33.8,,,,,,,,T13,3,80.4
460,,,,,,,,,,,,,,,,,,I1,S4,19,3,28.7,,,,,,,,T11,3,68.4
461,,,,,,,,,,,,,,,,,,I1,S4,19,3,28.7,,,,,,,,T12,3,67.9
462,,,,,,,,,,,,,,,,,,I1,S4,19,3,28.7,,,,,,,,T13,3,80.4
463,,,,,,,,,,,,,,,,,,I2,S4,19,3,31.7,,,,,,,,T11,3,68.4
464,,,,,,,,,,,,,,,,,,I2,S4,19,3,31.7,,,,,,,,T12,3,67.9
465,,,,,,,,,,,,,,,,,,I2,S4,19,3,31.7,,,,,,,,T13,3,80.4
466,,,,,,,,,,,,,,,,,,I3,S4,19,3,33.9,,,,,,,,T11,3,68.4
467,,,,,,,,,,,,,,,,,,I3,S4,19,3,33.9,,,,,,,,T12,3,67.9
468,,,,,,,,,,,,,,,,,,I3,S4,19,3,33.9,,,,,,,,T13,3,80.4
469,,,,,,,,,,,,,,,,,,I1,S4,20,1,28.5,,,,,,,,T11,3,68.4
470,,,,,,,,,,,,,,,,,,I1,S4,20,1,28.5,,,,,,,,T12,3,67.9
471,,,,,,,,,,,,,,,,,,I1,S4,20,1,28.5,,,,,,,,T13,3,80.4
472,,,,,,,,,,,,,,,,,,I2,S4,20,1,30.2,,,,,,,,T11,3,68.4
473,,,,,,,,,,,,,,,,,,I2,S4,20,1,30.2,,,,,,,,T12,3,67.9
474,,,,,,,,,,,,,,,,,,I2,S4,20,1,30.2,,,,,,,,T13,3,80.4
475,,,,,,,,,,,,,,,,,,I3,S4,20,1,32.5,,,,,,,,T11,3,68.4
476,,,,,,,,,,,,,,,,,,I3,S4,20,1,32.5,,,,,,,,T12,3,67.9
477,,,,,,,,,,,,,,,,,,I3,S4,20,1,32.5,,,,,,,,T13,3,80.4
478,,,,,,,,,,,,,,,,,,I1,S4,20,2,29.3,,,,,,,,T11,3,68.4
479,,,,,,,,,,,,,,,,,,I1,S4,20,2,29.3,,,,,,,,T12,3,67.9
480,,,,,,,,,,,,,,,,,,I1,S4,20,2,29.3,,,,,,,,T13,3,80.4
481,,,,,,,,,,,,,,,,,,I2,S4,20,2,32.7,,,,,,,,T11,3,68.4
482,,,,,,,,,,,,,,,,,,I2,S4,20,2,32.7,,,,,,,,T12,3,67.9
483,,,,,,,,,,,,,,,,,,I2,S4,20,2,32.7,,,,,,,,T13,3,80.4
484,,,,,,,,,,,,,,,,,,I3,S4,20,2,34.2,,,,,,,,T11,3,68.4
485,,,,,,,,,,,,,,,,,,I3,S4,20,2,34.2,,,,,,,,T12,3,67.9
486,,,,,,,,,,,,,,,,,,I3,S4,20,2,34.2,,,,,,,,T13,3,80.4
487,,,,,,,,,,,,,,,,,,I1,S4,20,3,28.5,,,,,,,,T11,3,68.4
488,,,,,,,,,,,,,,,,,,I1,S4,20,3,28.5,,,,,,,,T12,3,67.9
489,,,,,,,,,,,,,,,,,,I1,S4,20,3,28.5,,,,,,,,T13,3,80.4
490,,,,,,,,,,,,,,,,,,I2,S4,20,3,32.4,,,,,,,,T11,3,68.4
491,,,,,,,,,,,,,,,,,,I2,S4,20,3,32.4,,,,,,,,T12,3,67.9
492,,,,,,,,,,,,,,,,,,I2,S4,20,3,32.4,,,,,,,,T13,3,80.4
493,,,,,,,,,,,,,,,,,,I3,S4,20,3,34.6,,,,,,,,T11,3,68.4
494,,,,,,,,,,,,,,,,,,I3,S4,20,3,34.6,,,,,,,,T12,3,67.9
495,,,,,,,,,,,,,,,,,,I3,S4,20,3,34.6,,,,,,,,T13,3,80.4
496,,,,,,,,,,,,,,,,,,I1,S4,21,1,29.9,,,,,,,,T11,3,68.4
497,,,,,,,,,,,,,,,,,,I1,S4,21,1,29.9,,,,,,,,T12,3,67.9
498,,,,,,,,,,,,,,,,,,I1,S4,21,1,29.9,,,,,,,,T13,3,80.4
499,,,,,,,,,,,,,,,,,,I2,S4,21,1,30.2,,,,,,,,T11,3,68.4
500,,,,,,,,,,,,,,,,,,I2,S4,21,1,30.2,,,,,,,,T12,3,67.9
501,,,,,,,,,,,,,,,,,,I2,S4,21,1,30.2,,,,,,,,T13,3,80.4
502,,,,,,,,,,,,,,,,,,I3,S4,21,1,34.0,,,,,,,,T11,3,68.4
503,,,,,,,,,,,,,,,,,,I3,S4,21,1,34.0,,,,,,,,T12,3,67.9
504,,,,,,,,,,,,,,,,,,I3,S4,21,1,34.0,,,,,,,,T13,3,80.4
505,,,,,,,,,,,,,,,,,,I1,S4,21,2,28.5,,,,,,,,T11,3,68.4
506,,,,,,,,,,,,,,,,,,I1,S4,21,2,28.5,,,,,,,,T12,3,67.9
507,,,,,,,,,,,,,,,,,,I1,S4,21,2,28.5,,,,,,,,T13,3,80.4
508,,,,,,,,,,,,,,,,,,I2,S4,21,2,30.9,,,,,,,,T11,3,68.4
509,,,,,,,,,,,,,,,,,,I2,S4,21,2,30.9,,,,,,,,T12,3,67.9
510,,,,,,,,,,,,,,,,,,I2,S4,21,2,30.9,,,,,,,,T13,3,80.4
511,,,,,,,,,,,,,,,,,,I3,S4,21,2,35.6,,,,,,,,T11,3,68.4
512,,,,,,,,,,,,,,,,,,I3,S4,21,2,35.6,,,,,,,,T12,3,67.9
513,,,,,,,,,,,,,,,,,,I3,S4,21,2,35.6,,,,,,,,T13,3,80.4
514,,,,,,,,,,,,,,,,,,I1,S4,21,3,29.5,,,,,,,,T11,3,68.4
515,,,,,,,,,,,,,,,,,,I1,S4,21,3,29.5,,,,,,,,T12,3,67.9
516,,,,,,,,,,,,,,,,,,I1,S4,21,3,29.5,,,,,,,,T13,3,80.4
517,,,,,,,,,,,,,,,,,,I2,S4,21,3,29.9,,,,,,,,T11,3,68.4
518,,,,,,,,,,,,,,,,,,I2,S4,21,3,29.9,,,,,,,,T12,3,67.9
519,,,,,,,,,,,,,,,,,,I2,S4,21,3,29.9,,,,,,,,T13,3,80.4
520,,,,,,,,,,,,,,,,,,I3,S4,21,3,34.8,,,,,,,,T11,3,68.4
521,,,,,,,,,,,,,,,,,,I3,S4,21,3,34.8,,,,,,,,T12,3,67.9
522,,,,,,,,,,,,,,,,,,I3,S4,21,3,34.8,,,,,,,,T13,3,80.4
